<?xml version = '1.0' encoding = 'UTF-8'?>
<FKIndexAssociation class="oracle.dbtools.crest.model.design.relational.FKIndexAssociation" directorySegmentName="seg_0" id="092DC71C-A8B0-853D-DDD7-E800584C9060" containerWithKeyObject="C4FEF8DA-017B-A533-D175-C15E3EDB8FF8" localFKIndex="F06B2F45-B09C-EFA0-345A-A4F3421C4CF9" name="Relation_5">
<createdBy>seanl</createdBy>
<createdTime>2021-09-15 11:21:48 UTC</createdTime>
<generatorID>C0A91D19-E271-65B3-C845-11D28BE40D5B</generatorID>
<ownerDesignName>model</ownerDesignName>
<referredTableLongName>STAFF</referredTableLongName>
<deleteRule>NO ACTION</deleteRule>
<referredTableID>4E3FD33A-CA7D-03AE-29D0-5A43C0153E8E</referredTableID>
<keyObject>C41D96B2-8DF3-EE80-AF9E-FCA4D8F2485A</keyObject>
<referredKeyID>C41D96B2-8DF3-EE80-AF9E-FCA4D8F2485A</referredKeyID>
<mandatory>true</mandatory>
<refColNames>staff_id</refColNames>
<transferable>true</transferable>
<rely>false</rely>
<columnDependencyConstraintGenerateInDDL>true</columnDependencyConstraintGenerateInDDL>
</FKIndexAssociation>
