<?xml version = '1.0' encoding = 'UTF-8'?>
<FKIndexAssociation class="oracle.dbtools.crest.model.design.relational.FKIndexAssociation" directorySegmentName="seg_0" id="5147DEE7-B92C-8EDB-79BD-A9058623AB9F" containerWithKeyObject="66B3DAA8-E43B-15D0-F4FD-FC2D38D2D8BD" localFKIndex="1BD912FA-A6EA-73E3-2205-2A84D0F43A25" name="MEMBER_CLASSSESSION">
<createdBy>seanl</createdBy>
<createdTime>2021-09-15 11:21:48 UTC</createdTime>
<generatorID>699DC621-5142-4797-8A4C-3B3419240D55</generatorID>
<ownerDesignName>model</ownerDesignName>
<referredTableLongName>MM_MEMBER</referredTableLongName>
<deleteRule>NO ACTION</deleteRule>
<referredTableID>B5BD6807-538B-46ED-2EE1-E72B8146B90F</referredTableID>
<keyObject>9D777C12-8AE4-3031-F934-71036878FAFE</keyObject>
<referredKeyID>9D777C12-8AE4-3031-F934-71036878FAFE</referredKeyID>
<mandatory>true</mandatory>
<refColNames>mem_no</refColNames>
<transferable>true</transferable>
<rely>false</rely>
<columnDependencyConstraintGenerateInDDL>true</columnDependencyConstraintGenerateInDDL>
</FKIndexAssociation>
