<?xml version = '1.0' encoding = 'UTF-8'?>
<FKIndexAssociation class="oracle.dbtools.crest.model.design.relational.FKIndexAssociation" directorySegmentName="seg_0" id="6316D15A-4AA7-0BE2-051D-62E4BB1AC6E8" containerWithKeyObject="B5BD6807-538B-46ED-2EE1-E72B8146B90F" localFKIndex="FB83206A-1264-7A3F-A66E-FDBEA068C72A" name="MEMBER_REFERRAL">
<createdBy>seanl</createdBy>
<createdTime>2021-09-15 11:21:48 UTC</createdTime>
<generatorID>F9190243-2639-09DC-93ED-2F823AA8854A</generatorID>
<ownerDesignName>model</ownerDesignName>
<referredTableLongName>MM_MEMBER</referredTableLongName>
<deleteRule>NO ACTION</deleteRule>
<referredTableID>B5BD6807-538B-46ED-2EE1-E72B8146B90F</referredTableID>
<keyObject>9D777C12-8AE4-3031-F934-71036878FAFE</keyObject>
<referredKeyID>9D777C12-8AE4-3031-F934-71036878FAFE</referredKeyID>
<mandatory>false</mandatory>
<refColNames>mem_no</refColNames>
<transferable>true</transferable>
<rely>false</rely>
<columnDependencyConstraintGenerateInDDL>true</columnDependencyConstraintGenerateInDDL>
</FKIndexAssociation>
