<?xml version = '1.0' encoding = 'UTF-8'?>
<FKIndexAssociation class="oracle.dbtools.crest.model.design.relational.FKIndexAssociation" directorySegmentName="seg_0" id="6A10D787-5C3C-8FC1-EFCE-4FD98A0AC069" containerWithKeyObject="13822AB3-64D3-568F-3856-FB39C7ED40F2" localFKIndex="E6585EAF-AC98-A8C8-2DCB-365D2EC81D9A" name="MEMBER_ASSESSMENT">
<createdBy>seanl</createdBy>
<createdTime>2021-09-15 11:21:48 UTC</createdTime>
<generatorID>7E1F4C39-E16D-B121-B0BA-28DEC00AB155</generatorID>
<ownerDesignName>model</ownerDesignName>
<referredTableLongName>MM_MEMBER</referredTableLongName>
<deleteRule>NO ACTION</deleteRule>
<referredTableID>B5BD6807-538B-46ED-2EE1-E72B8146B90F</referredTableID>
<keyObject>9D777C12-8AE4-3031-F934-71036878FAFE</keyObject>
<referredKeyID>9D777C12-8AE4-3031-F934-71036878FAFE</referredKeyID>
<mandatory>true</mandatory>
<refColNames>mem_no</refColNames>
<transferable>true</transferable>
<rely>false</rely>
<columnDependencyConstraintGenerateInDDL>true</columnDependencyConstraintGenerateInDDL>
</FKIndexAssociation>
