<?xml version = '1.0' encoding = 'UTF-8'?>
<FKIndexAssociation class="oracle.dbtools.crest.model.design.relational.FKIndexAssociation" directorySegmentName="seg_0" id="F7AB09E0-85E0-3541-65AB-F33C2265A741" containerWithKeyObject="2F87A15F-7AE6-B291-6921-C32905FE314D" localFKIndex="B06155CD-0389-7CBB-DECB-484F1492E286" name="CLASS_PAYMENT">
<createdBy>seanl</createdBy>
<createdTime>2021-09-15 11:21:48 UTC</createdTime>
<generatorID>01E40741-8C1B-7F00-D1C5-D35EC14BF75E</generatorID>
<ownerDesignName>model</ownerDesignName>
<referredTableLongName>MM_CLASS</referredTableLongName>
<deleteRule>NO ACTION</deleteRule>
<referredTableID>98472FC3-AF70-9FF5-84E1-EA8D72666204</referredTableID>
<keyObject>61B6739D-080C-8190-332B-495E5ACB4405</keyObject>
<referredKeyID>61B6739D-080C-8190-332B-495E5ACB4405</referredKeyID>
<mandatory>true</mandatory>
<refColNames>class_no,cent_id,fac_roomno</refColNames>
<transferable>true</transferable>
<rely>false</rely>
<columnDependencyConstraintGenerateInDDL>true</columnDependencyConstraintGenerateInDDL>
</FKIndexAssociation>
