<?xml version = '1.0' encoding = 'UTF-8'?>
<Entity class="oracle.dbtools.crest.model.design.logical.Entity" directorySegmentName="seg_0" id="26D7882D-BB19-8C32-3FF2-5246B01B3729" name="STAFF_ROLE">
<createdBy>seanl</createdBy>
<createdTime>2021-09-14 14:42:30 UTC</createdTime>
<ownerDesignName>model</ownerDesignName>
<engineerTo>
<item key="046161C5-C4BF-B63F-98F3-969899EA44AC" value="true"/>
</engineerTo>
<adequatelyNormalized>NO</adequatelyNormalized>
<expectedVolumes>0</expectedVolumes>
<fwdEngineeringStrategyName>Single Table</fwdEngineeringStrategyName>
<growthPercent>0</growthPercent>
<growthType>Year</growthType>
<maxVolumes>9999999</maxVolumes>
<minVolumes>0</minVolumes>
<normalForm>Third</normalForm>
<attributes itemClass="oracle.dbtools.crest.model.design.logical.Attribute">
<Attribute name="staffrole_code" id="6FE70303-E0DB-B207-526A-EF99C88969FF">
<createdBy>seanl</createdBy>
<createdTime>2021-09-14 14:43:55 UTC</createdTime>
<commentInRDBMS><![CDATA[Code for the role of the staff:
Administration (A)
Cleaner (C)
Instructor Dry (D)
Instructor Pool (P)
Manager (only one per centre) (M)
Sales (S)
Security (T)
]]></commentInRDBMS>
<ownerDesignName>model</ownerDesignName>
<engineerTo>
<item key="046161C5-C4BF-B63F-98F3-969899EA44AC" value="true"/>
</engineerTo>
<constraintName>role_codes</constraintName>
<useDomainConstraints>false</useDomainConstraints>
<use>1</use>
<logicalDatatype>LOGDT025</logicalDatatype>
<dataTypeSize>1</dataTypeSize>
<listOfValues>
<valueDef value="A" description="Administration"/>
<valueDef value="C" description="Cleaner"/>
<valueDef value="D" description="Instructor Dry"/>
<valueDef value="M" description="Manager"/>
<valueDef value="P" description="Instructor Pool"/>
<valueDef value="S" description="Sales"/>
<valueDef value="T" description="Security"/>
</listOfValues>
<ownDataTypeParameters>1,,</ownDataTypeParameters>
</Attribute>
<Attribute name="staffrole_desc" id="BD4EF114-E301-0138-2ACC-FE3212D01E7F">
<createdBy>seanl</createdBy>
<createdTime>2021-09-14 14:42:37 UTC</createdTime>
<commentInRDBMS><![CDATA[Staff role description]]></commentInRDBMS>
<ownerDesignName>model</ownerDesignName>
<engineerTo>
<item key="046161C5-C4BF-B63F-98F3-969899EA44AC" value="true"/>
</engineerTo>
<useDomainConstraints>false</useDomainConstraints>
<use>1</use>
<logicalDatatype>LOGDT024</logicalDatatype>
<dataTypeSize>100</dataTypeSize>
<ownDataTypeParameters>100,,</ownDataTypeParameters>
</Attribute>
</attributes>
<identifiers itemClass="oracle.dbtools.crest.model.design.logical.CandidateKey">
<identifier id="EFAD5713-FBCD-5BC3-D378-0609D7D6DF74" name="STAFF_ROLE PK">
<createdBy>seanl</createdBy>
<createdTime>2021-09-14 14:44:04 UTC</createdTime>
<ownerDesignName>model</ownerDesignName>
<shouldEngineer>false</shouldEngineer>
<engineerTo>
<item key="046161C5-C4BF-B63F-98F3-969899EA44AC" value="false"/>
</engineerTo>
<pk>true</pk>
<usedAttributes>
<attributeRef>6FE70303-E0DB-B207-526A-EF99C88969FF</attributeRef>
</usedAttributes>
</identifier>
</identifiers>
</Entity>
