<?xml version = '1.0' encoding = 'UTF-8'?>
<Entity class="oracle.dbtools.crest.model.design.logical.Entity" directorySegmentName="seg_0" id="573EDC8F-6122-CFA0-CBB2-289040E73A5C" name="MM_CLASS">
<createdBy>seanl</createdBy>
<createdTime>2021-09-14 13:25:24 UTC</createdTime>
<ownerDesignName>model</ownerDesignName>
<engineerTo>
<item key="046161C5-C4BF-B63F-98F3-969899EA44AC" value="true"/>
</engineerTo>
<adequatelyNormalized>NO</adequatelyNormalized>
<expectedVolumes>0</expectedVolumes>
<fwdEngineeringStrategyName>Single Table</fwdEngineeringStrategyName>
<growthPercent>0</growthPercent>
<growthType>Year</growthType>
<maxVolumes>9999999</maxVolumes>
<minVolumes>0</minVolumes>
<normalForm>Third</normalForm>
<attributes itemClass="oracle.dbtools.crest.model.design.logical.Attribute">
<Attribute name="class_no" id="49A2770A-5D80-8486-2843-5D02CA2F7D6B">
<createdBy>seanl</createdBy>
<createdTime>2021-09-14 13:25:28 UTC</createdTime>
<commentInRDBMS><![CDATA[Class number]]></commentInRDBMS>
<ownerDesignName>model</ownerDesignName>
<engineerTo>
<item key="046161C5-C4BF-B63F-98F3-969899EA44AC" value="true"/>
</engineerTo>
<useDomainConstraints>false</useDomainConstraints>
<use>1</use>
<logicalDatatype>LOGDT019</logicalDatatype>
<dataTypePrecision>5</dataTypePrecision>
<ownDataTypeParameters>,5,</ownDataTypeParameters>
</Attribute>
<Attribute name="cent_id" id="40C88CFE-F420-AF96-80F8-952BCCCB0983">
<createdBy>seanl</createdBy>
<createdTime>2021-09-14 14:40:05 UTC</createdTime>
<commentInRDBMS><![CDATA[Center ID]]></commentInRDBMS>
<generatorID>A1A9BFF9-45E5-9472-0BA8-179C8947F3F9</generatorID>
<ownerDesignName>model</ownerDesignName>
<engineerTo>
<item key="046161C5-C4BF-B63F-98F3-969899EA44AC" value="true"/>
</engineerTo>
<referedAttribute>73373F21-105A-5D85-CE47-9FE25FBCFEF4</referedAttribute>
<useDomainConstraints>false</useDomainConstraints>
<use>1</use>
<logicalDatatype>LOGDT019</logicalDatatype>
<dataTypePrecision>5</dataTypePrecision>
<ownDataTypeParameters>,,</ownDataTypeParameters>
</Attribute>
<Attribute name="class_startdate" id="AE2DA849-B0DE-3FEE-B421-41027639777F">
<createdBy>seanl</createdBy>
<createdTime>2021-09-14 13:25:41 UTC</createdTime>
<commentInRDBMS><![CDATA[Date of first session of the class]]></commentInRDBMS>
<ownerDesignName>model</ownerDesignName>
<engineerTo>
<item key="046161C5-C4BF-B63F-98F3-969899EA44AC" value="true"/>
</engineerTo>
<useDomainConstraints>false</useDomainConstraints>
<use>1</use>
<logicalDatatype>LOGDT007</logicalDatatype>
<ownDataTypeParameters>,,</ownDataTypeParameters>
</Attribute>
<Attribute name="class_starttime" id="4C338875-84FD-F64D-EC13-DE4BB7B32B9E">
<createdBy>seanl</createdBy>
<createdTime>2021-09-14 13:28:16 UTC</createdTime>
<commentInRDBMS><![CDATA[Time of first session of the class]]></commentInRDBMS>
<ownerDesignName>model</ownerDesignName>
<engineerTo>
<item key="046161C5-C4BF-B63F-98F3-969899EA44AC" value="true"/>
</engineerTo>
<useDomainConstraints>false</useDomainConstraints>
<use>1</use>
<logicalDatatype>LOGDT025</logicalDatatype>
<dataTypeSize>5</dataTypeSize>
<ownDataTypeParameters>5,,</ownDataTypeParameters>
</Attribute>
<Attribute name="class_maxparticipants" id="C6BD58E2-F000-3204-575D-5CAF15F2175F">
<createdBy>seanl</createdBy>
<createdTime>2021-09-14 13:29:07 UTC</createdTime>
<commentInRDBMS><![CDATA[Class maximum number of participants]]></commentInRDBMS>
<ownerDesignName>model</ownerDesignName>
<engineerTo>
<item key="046161C5-C4BF-B63F-98F3-969899EA44AC" value="true"/>
</engineerTo>
<useDomainConstraints>false</useDomainConstraints>
<use>1</use>
<logicalDatatype>LOGDT019</logicalDatatype>
<dataTypePrecision>3</dataTypePrecision>
<ownDataTypeParameters>,3,</ownDataTypeParameters>
</Attribute>
<Attribute name="class_numofsessions" id="CECBFCCB-1360-9892-2A1C-99C2318CE832">
<createdBy>seanl</createdBy>
<createdTime>2021-09-14 13:29:30 UTC</createdTime>
<commentInRDBMS><![CDATA[The number of sessions a class has]]></commentInRDBMS>
<ownerDesignName>model</ownerDesignName>
<engineerTo>
<item key="046161C5-C4BF-B63F-98F3-969899EA44AC" value="true"/>
</engineerTo>
<useDomainConstraints>false</useDomainConstraints>
<use>1</use>
<logicalDatatype>LOGDT019</logicalDatatype>
<dataTypePrecision>3</dataTypePrecision>
<ownDataTypeParameters>,3,</ownDataTypeParameters>
</Attribute>
<Attribute name="class_cost" id="6EB1C524-7DF3-F020-CE7A-E58B8FBEF6B7">
<createdBy>seanl</createdBy>
<createdTime>2021-09-14 13:30:07 UTC</createdTime>
<commentInRDBMS><![CDATA[Cost of a class]]></commentInRDBMS>
<ownerDesignName>model</ownerDesignName>
<engineerTo>
<item key="046161C5-C4BF-B63F-98F3-969899EA44AC" value="true"/>
</engineerTo>
<useDomainConstraints>false</useDomainConstraints>
<use>1</use>
<logicalDatatype>LOGDT019</logicalDatatype>
<dataTypePrecision>5</dataTypePrecision>
<ownDataTypeParameters>,5,</ownDataTypeParameters>
</Attribute>
<Attribute name="class_gendered" id="C48A4E06-FFD9-A8BD-E58B-7526F4930816">
<createdBy>seanl</createdBy>
<createdTime>2021-09-14 13:30:51 UTC</createdTime>
<commentInRDBMS><![CDATA[G for gendered class, U for unrestricted class]]></commentInRDBMS>
<ownerDesignName>model</ownerDesignName>
<engineerTo>
<item key="046161C5-C4BF-B63F-98F3-969899EA44AC" value="true"/>
</engineerTo>
<useDomainConstraints>false</useDomainConstraints>
<use>1</use>
<logicalDatatype>LOGDT025</logicalDatatype>
<dataTypeSize>1</dataTypeSize>
<ownDataTypeParameters>1,,</ownDataTypeParameters>
</Attribute>
<Attribute name="fac_roomno" id="FE211D6C-591B-01F1-CB64-903984F77593">
<createdBy>seanl</createdBy>
<createdTime>2021-09-14 14:40:05 UTC</createdTime>
<commentInRDBMS><![CDATA[Facility room number]]></commentInRDBMS>
<generatorID>A1A9BFF9-45E5-9472-0BA8-179C8947F3F9</generatorID>
<ownerDesignName>model</ownerDesignName>
<engineerTo>
<item key="046161C5-C4BF-B63F-98F3-969899EA44AC" value="true"/>
</engineerTo>
<referedAttribute>29896972-DEB4-E0A2-698E-8C2E15D261FF</referedAttribute>
<useDomainConstraints>false</useDomainConstraints>
<use>1</use>
<logicalDatatype>LOGDT019</logicalDatatype>
<dataTypePrecision>5</dataTypePrecision>
<ownDataTypeParameters>,,</ownDataTypeParameters>
</Attribute>
<Attribute name="classtype_id" id="48BA3908-313A-526F-4B4B-28EA1E50FE8E">
<createdBy>seanl</createdBy>
<createdTime>2021-09-14 14:49:25 UTC</createdTime>
<commentInRDBMS><![CDATA[Class type ID]]></commentInRDBMS>
<generatorID>ADB30D6C-4F85-1C23-23F9-60E89C542BBC</generatorID>
<ownerDesignName>model</ownerDesignName>
<engineerTo>
<item key="046161C5-C4BF-B63F-98F3-969899EA44AC" value="true"/>
</engineerTo>
<referedAttribute>FA6EE1C4-FEAD-A8CE-606A-D3BDD5B6DF9F</referedAttribute>
<useDomainConstraints>false</useDomainConstraints>
<use>1</use>
<logicalDatatype>LOGDT019</logicalDatatype>
<dataTypePrecision>3</dataTypePrecision>
<ownDataTypeParameters>,,</ownDataTypeParameters>
</Attribute>
</attributes>
<identifiers itemClass="oracle.dbtools.crest.model.design.logical.CandidateKey">
<identifier id="2139C7AF-AFB4-C9DD-44AC-C816B98DE257" name="CLASS PK">
<createdBy>seanl</createdBy>
<createdTime>2021-09-14 13:25:31 UTC</createdTime>
<ownerDesignName>model</ownerDesignName>
<engineerTo>
<item key="046161C5-C4BF-B63F-98F3-969899EA44AC" value="true"/>
</engineerTo>
<pk>true</pk>
<usedAttributes>
<attributeRef>49A2770A-5D80-8486-2843-5D02CA2F7D6B</attributeRef>
<attributeRef>40C88CFE-F420-AF96-80F8-952BCCCB0983</attributeRef>
</usedAttributes>
</identifier>
</identifiers>
</Entity>
