<?xml version = '1.0' encoding = 'UTF-8'?>
<Entity class="oracle.dbtools.crest.model.design.logical.Entity" directorySegmentName="seg_0" id="75BBF35E-81A6-34F2-6F8A-DFBBE9F5970D" name="STAFF">
<createdBy>seanl</createdBy>
<createdTime>2021-09-14 13:13:14 UTC</createdTime>
<ownerDesignName>model</ownerDesignName>
<engineerTo>
<item key="046161C5-C4BF-B63F-98F3-969899EA44AC" value="true"/>
</engineerTo>
<adequatelyNormalized>NO</adequatelyNormalized>
<expectedVolumes>0</expectedVolumes>
<fwdEngineeringStrategyName>Single Table</fwdEngineeringStrategyName>
<growthPercent>0</growthPercent>
<growthType>Year</growthType>
<maxVolumes>9999999</maxVolumes>
<minVolumes>0</minVolumes>
<normalForm>Third</normalForm>
<attributes itemClass="oracle.dbtools.crest.model.design.logical.Attribute">
<Attribute name="staff_id" id="748A7818-082B-75C3-0993-5CB142A2CF55">
<createdBy>seanl</createdBy>
<createdTime>2021-09-14 13:13:25 UTC</createdTime>
<commentInRDBMS><![CDATA[Staff ID]]></commentInRDBMS>
<ownerDesignName>model</ownerDesignName>
<engineerTo>
<item key="046161C5-C4BF-B63F-98F3-969899EA44AC" value="true"/>
</engineerTo>
<useDomainConstraints>false</useDomainConstraints>
<use>1</use>
<logicalDatatype>LOGDT019</logicalDatatype>
<dataTypePrecision>5</dataTypePrecision>
<ownDataTypeParameters>,5,</ownDataTypeParameters>
</Attribute>
<Attribute name="staff_givenname" id="C1A71989-EE3A-6294-0F2A-A16FE0BCA176">
<createdBy>seanl</createdBy>
<createdTime>2021-09-14 13:13:37 UTC</createdTime>
<commentInRDBMS><![CDATA[Staff given (first) name]]></commentInRDBMS>
<ownerDesignName>model</ownerDesignName>
<engineerTo>
<item key="046161C5-C4BF-B63F-98F3-969899EA44AC" value="true"/>
</engineerTo>
<useDomainConstraints>false</useDomainConstraints>
<use>1</use>
<logicalDatatype>LOGDT024</logicalDatatype>
<dataTypeSize>50</dataTypeSize>
<ownDataTypeParameters>50,,</ownDataTypeParameters>
</Attribute>
<Attribute name="staff_famname" id="BEF47A6B-2613-5995-D595-C8EF8FB0EF32">
<createdBy>seanl</createdBy>
<createdTime>2021-09-14 13:13:54 UTC</createdTime>
<commentInRDBMS><![CDATA[Staff family (last) name]]></commentInRDBMS>
<ownerDesignName>model</ownerDesignName>
<engineerTo>
<item key="046161C5-C4BF-B63F-98F3-969899EA44AC" value="true"/>
</engineerTo>
<useDomainConstraints>false</useDomainConstraints>
<use>1</use>
<logicalDatatype>LOGDT024</logicalDatatype>
<dataTypeSize>50</dataTypeSize>
<ownDataTypeParameters>50,,</ownDataTypeParameters>
</Attribute>
<Attribute name="staff_mobileno" id="D103FF99-ACF3-9C8F-765D-FF3B5AB53D9C">
<createdBy>seanl</createdBy>
<createdTime>2021-09-14 13:14:25 UTC</createdTime>
<commentInRDBMS><![CDATA[Staff mobile number]]></commentInRDBMS>
<ownerDesignName>model</ownerDesignName>
<engineerTo>
<item key="046161C5-C4BF-B63F-98F3-969899EA44AC" value="true"/>
</engineerTo>
<useDomainConstraints>false</useDomainConstraints>
<use>1</use>
<logicalDatatype>LOGDT019</logicalDatatype>
<dataTypePrecision>10</dataTypePrecision>
<ownDataTypeParameters>,10,</ownDataTypeParameters>
</Attribute>
<Attribute name="staff_startdate" id="8ACD1D4E-43F6-A67E-2F0E-AB4366C8A679">
<createdBy>seanl</createdBy>
<createdTime>2021-09-14 13:14:52 UTC</createdTime>
<commentInRDBMS><![CDATA[Date that the staff started working in the centre]]></commentInRDBMS>
<ownerDesignName>model</ownerDesignName>
<engineerTo>
<item key="046161C5-C4BF-B63F-98F3-969899EA44AC" value="true"/>
</engineerTo>
<useDomainConstraints>false</useDomainConstraints>
<use>1</use>
<logicalDatatype>LOGDT007</logicalDatatype>
<ownDataTypeParameters>,,</ownDataTypeParameters>
</Attribute>
<Attribute name="staff_phoneno" id="043C4C70-43D7-C479-0A26-1A154E019504">
<createdBy>seanl</createdBy>
<createdTime>2021-09-14 13:15:33 UTC</createdTime>
<commentInRDBMS><![CDATA[Staff phone number they can be contacted on]]></commentInRDBMS>
<ownerDesignName>model</ownerDesignName>
<engineerTo>
<item key="046161C5-C4BF-B63F-98F3-969899EA44AC" value="true"/>
</engineerTo>
<useDomainConstraints>false</useDomainConstraints>
<use>1</use>
<logicalDatatype>LOGDT019</logicalDatatype>
<dataTypePrecision>10</dataTypePrecision>
<ownDataTypeParameters>,10,</ownDataTypeParameters>
</Attribute>
<Attribute name="cent_id" id="4BC78C46-A145-7211-6BB3-F153AE7E1313">
<createdBy>seanl</createdBy>
<createdTime>2021-09-14 14:37:16 UTC</createdTime>
<commentInRDBMS><![CDATA[Center ID]]></commentInRDBMS>
<generatorID>359CCB0B-117B-940D-BD6E-C9AD1252ADE0</generatorID>
<ownerDesignName>model</ownerDesignName>
<engineerTo>
<item key="046161C5-C4BF-B63F-98F3-969899EA44AC" value="true"/>
</engineerTo>
<referedAttribute>C891A240-EA66-7D07-AAAB-B3D0BAC169DC</referedAttribute>
<useDomainConstraints>false</useDomainConstraints>
<use>1</use>
<logicalDatatype>LOGDT019</logicalDatatype>
<dataTypePrecision>5</dataTypePrecision>
<ownDataTypeParameters>,,</ownDataTypeParameters>
</Attribute>
<Attribute name="staffrole_code" id="804F0963-7086-B05D-4F7F-DD3D94DEBC1E">
<createdBy>seanl</createdBy>
<createdTime>2021-09-14 14:44:46 UTC</createdTime>
<commentInRDBMS><![CDATA[Code for the role of the staff:
Administration (A)
Cleaner (C)
Instructor Dry (D)
Instructor Pool (P)
Manager (only one per centre) (M)
Sales (S)
Security (T)
]]></commentInRDBMS>
<generatorID>228ABEAF-D981-E402-0123-03441358B1CA</generatorID>
<ownerDesignName>model</ownerDesignName>
<engineerTo>
<item key="046161C5-C4BF-B63F-98F3-969899EA44AC" value="true"/>
</engineerTo>
<referedAttribute>6FE70303-E0DB-B207-526A-EF99C88969FF</referedAttribute>
<useDomainConstraints>false</useDomainConstraints>
<use>1</use>
<logicalDatatype>LOGDT025</logicalDatatype>
<dataTypeSize>1</dataTypeSize>
<ownDataTypeParameters>,,</ownDataTypeParameters>
</Attribute>
</attributes>
<identifiers itemClass="oracle.dbtools.crest.model.design.logical.CandidateKey">
<identifier id="F474FFB0-47F0-7069-D863-4179055E0A4C" name="STAFF PK">
<createdBy>seanl</createdBy>
<createdTime>2021-09-14 13:13:33 UTC</createdTime>
<ownerDesignName>model</ownerDesignName>
<shouldEngineer>false</shouldEngineer>
<engineerTo>
<item key="046161C5-C4BF-B63F-98F3-969899EA44AC" value="false"/>
</engineerTo>
<pk>true</pk>
<usedAttributes>
<attributeRef>748A7818-082B-75C3-0993-5CB142A2CF55</attributeRef>
</usedAttributes>
</identifier>
</identifiers>
</Entity>
