<?xml version = '1.0' encoding = 'UTF-8'?>
<Entity class="oracle.dbtools.crest.model.design.logical.Entity" directorySegmentName="seg_0" id="A0523C7C-BD60-FDED-C261-C0771758C0B7" name="CENTRE">
<createdBy>seanl</createdBy>
<createdTime>2021-09-14 12:55:03 UTC</createdTime>
<ownerDesignName>model</ownerDesignName>
<engineerTo>
<item key="046161C5-C4BF-B63F-98F3-969899EA44AC" value="true"/>
</engineerTo>
<adequatelyNormalized>NO</adequatelyNormalized>
<expectedVolumes>0</expectedVolumes>
<fwdEngineeringStrategyName>Single Table</fwdEngineeringStrategyName>
<growthPercent>0</growthPercent>
<growthType>Year</growthType>
<maxVolumes>9999999</maxVolumes>
<minVolumes>0</minVolumes>
<normalForm>Third</normalForm>
<attributes itemClass="oracle.dbtools.crest.model.design.logical.Attribute">
<Attribute name="cent_id" id="C891A240-EA66-7D07-AAAB-B3D0BAC169DC">
<createdBy>seanl</createdBy>
<createdTime>2021-09-14 12:55:23 UTC</createdTime>
<commentInRDBMS><![CDATA[Center ID]]></commentInRDBMS>
<ownerDesignName>model</ownerDesignName>
<engineerTo>
<item key="046161C5-C4BF-B63F-98F3-969899EA44AC" value="true"/>
</engineerTo>
<useDomainConstraints>false</useDomainConstraints>
<use>1</use>
<logicalDatatype>LOGDT019</logicalDatatype>
<dataTypePrecision>5</dataTypePrecision>
<ownDataTypeParameters>,5,</ownDataTypeParameters>
</Attribute>
<Attribute name="cent_name" id="9236B565-BF31-91F4-0A40-54820BC0FBDA">
<createdBy>seanl</createdBy>
<createdTime>2021-09-14 12:57:04 UTC</createdTime>
<commentInRDBMS><![CDATA[Center name]]></commentInRDBMS>
<ownerDesignName>model</ownerDesignName>
<engineerTo>
<item key="046161C5-C4BF-B63F-98F3-969899EA44AC" value="true"/>
</engineerTo>
<useDomainConstraints>false</useDomainConstraints>
<use>1</use>
<logicalDatatype>LOGDT024</logicalDatatype>
<dataTypeSize>50</dataTypeSize>
<ownDataTypeParameters>50,,</ownDataTypeParameters>
</Attribute>
<Attribute name="cent_street" id="C37238CD-D633-E7F8-B48D-7D65F5ED380E">
<createdBy>seanl</createdBy>
<createdTime>2021-09-14 13:01:17 UTC</createdTime>
<commentInRDBMS><![CDATA[Centre Address Street]]></commentInRDBMS>
<ownerDesignName>model</ownerDesignName>
<engineerTo>
<item key="046161C5-C4BF-B63F-98F3-969899EA44AC" value="true"/>
</engineerTo>
<useDomainConstraints>false</useDomainConstraints>
<use>1</use>
<logicalDatatype>LOGDT024</logicalDatatype>
<dataTypeSize>50</dataTypeSize>
<ownDataTypeParameters>50,,</ownDataTypeParameters>
</Attribute>
<Attribute name="cent_town" id="B589DD7F-6C1C-404A-B2E5-D426354EDF1A">
<createdBy>seanl</createdBy>
<createdTime>2021-09-14 13:02:05 UTC</createdTime>
<commentInRDBMS><![CDATA[Centre Address Town]]></commentInRDBMS>
<ownerDesignName>model</ownerDesignName>
<engineerTo>
<item key="046161C5-C4BF-B63F-98F3-969899EA44AC" value="true"/>
</engineerTo>
<useDomainConstraints>false</useDomainConstraints>
<use>1</use>
<logicalDatatype>LOGDT024</logicalDatatype>
<dataTypeSize>50</dataTypeSize>
<ownDataTypeParameters>50,,</ownDataTypeParameters>
</Attribute>
<Attribute name="cent_postcode" id="0055E2C2-EC7F-5D92-DD26-5C61B5CB1DFB">
<createdBy>seanl</createdBy>
<createdTime>2021-09-14 13:02:24 UTC</createdTime>
<commentInRDBMS><![CDATA[Centre post code ]]></commentInRDBMS>
<ownerDesignName>model</ownerDesignName>
<engineerTo>
<item key="046161C5-C4BF-B63F-98F3-969899EA44AC" value="true"/>
</engineerTo>
<useDomainConstraints>false</useDomainConstraints>
<use>1</use>
<logicalDatatype>LOGDT019</logicalDatatype>
<dataTypePrecision>4</dataTypePrecision>
<ownDataTypeParameters>,4,</ownDataTypeParameters>
</Attribute>
<Attribute name="cent_phoneno" id="18BF7B62-CD1F-7DFB-4C0E-0BB8C8E2595B">
<createdBy>seanl</createdBy>
<createdTime>2021-09-14 13:03:55 UTC</createdTime>
<commentInRDBMS><![CDATA[Centre phone number]]></commentInRDBMS>
<ownerDesignName>model</ownerDesignName>
<engineerTo>
<item key="046161C5-C4BF-B63F-98F3-969899EA44AC" value="true"/>
</engineerTo>
<useDomainConstraints>false</useDomainConstraints>
<use>1</use>
<logicalDatatype>LOGDT019</logicalDatatype>
<dataTypePrecision>10</dataTypePrecision>
<ownDataTypeParameters>,10,</ownDataTypeParameters>
</Attribute>
<Attribute name="staff_id" id="4E0B40C9-391F-98AD-57BD-FB3F14465CBA">
<createdBy>seanl</createdBy>
<createdTime>2021-09-14 14:37:47 UTC</createdTime>
<commentInRDBMS><![CDATA[Staff ID]]></commentInRDBMS>
<generatorID>C0A91D19-E271-65B3-C845-11D28BE40D5B</generatorID>
<ownerDesignName>model</ownerDesignName>
<engineerTo>
<item key="046161C5-C4BF-B63F-98F3-969899EA44AC" value="true"/>
</engineerTo>
<referedAttribute>748A7818-082B-75C3-0993-5CB142A2CF55</referedAttribute>
<useDomainConstraints>false</useDomainConstraints>
<use>1</use>
<logicalDatatype>LOGDT019</logicalDatatype>
<dataTypePrecision>5</dataTypePrecision>
<ownDataTypeParameters>,,</ownDataTypeParameters>
</Attribute>
</attributes>
<identifiers itemClass="oracle.dbtools.crest.model.design.logical.CandidateKey">
<identifier id="6700BD52-49EB-058C-284A-A9915FA6D9AE" name="CENTRE PK">
<createdBy>seanl</createdBy>
<createdTime>2021-09-14 12:55:43 UTC</createdTime>
<ownerDesignName>model</ownerDesignName>
<engineerTo>
<item key="046161C5-C4BF-B63F-98F3-969899EA44AC" value="true"/>
</engineerTo>
<pk>true</pk>
<usedAttributes>
<attributeRef>C891A240-EA66-7D07-AAAB-B3D0BAC169DC</attributeRef>
</usedAttributes>
</identifier>
</identifiers>
</Entity>
