<?xml version = '1.0' encoding = 'UTF-8'?>
<Relation class="oracle.dbtools.crest.model.design.logical.Relation" name="CLASS_PAYMENT" directorySegmentName="seg_0" id="01E40741-8C1B-7F00-D1C5-D35EC14BF75E">
<createdBy>seanl</createdBy>
<createdTime>2021-09-14 14:41:12 UTC</createdTime>
<ownerDesignName>model</ownerDesignName>
<engineerTo>
<item key="046161C5-C4BF-B63F-98F3-969899EA44AC" value="true"/>
</engineerTo>
<sourcePk>2139C7AF-AFB4-C9DD-44AC-C816B98DE257</sourcePk>
<identifying>false</identifying>
<nameOnSource>has</nameOnSource>
<nameOnTarget> </nameOnTarget>
<optionalSource>true</optionalSource>
<optionalTarget>false</optionalTarget>
<sourceCardinality>1</sourceCardinality>
<sourceEntity>573EDC8F-6122-CFA0-CBB2-289040E73A5C</sourceEntity>
<targetCardinalityString>*</targetCardinalityString>
<targetEntity>2F2FF104-3F17-BC88-EC4B-2EA6D46137C8</targetEntity>
<transferable>true</transferable>
<deleteRule>NO ACTION</deleteRule>
</Relation>
