<?xml version = '1.0' encoding = 'UTF-8'?>
<Relation class="oracle.dbtools.crest.model.design.logical.Relation" name="STAFFROLE_STAFF" directorySegmentName="seg_0" id="228ABEAF-D981-E402-0123-03441358B1CA">
<createdBy>seanl</createdBy>
<createdTime>2021-09-14 14:43:11 UTC</createdTime>
<ownerDesignName>model</ownerDesignName>
<engineerTo>
<item key="046161C5-C4BF-B63F-98F3-969899EA44AC" value="true"/>
</engineerTo>
<sourcePk>EFAD5713-FBCD-5BC3-D378-0609D7D6DF74</sourcePk>
<identifying>false</identifying>
<nameOnSource>is the role of</nameOnSource>
<nameOnTarget> </nameOnTarget>
<optionalSource>true</optionalSource>
<optionalTarget>false</optionalTarget>
<sourceCardinality>1</sourceCardinality>
<sourceEntity>26D7882D-BB19-8C32-3FF2-5246B01B3729</sourceEntity>
<targetCardinalityString>*</targetCardinalityString>
<targetEntity>75BBF35E-81A6-34F2-6F8A-DFBBE9F5970D</targetEntity>
<transferable>true</transferable>
<deleteRule>NO ACTION</deleteRule>
</Relation>
