<?xml version = '1.0' encoding = 'UTF-8'?>
<Relation class="oracle.dbtools.crest.model.design.logical.Relation" name="CENTRE_STAFF" directorySegmentName="seg_0" id="359CCB0B-117B-940D-BD6E-C9AD1252ADE0">
<createdBy>seanl</createdBy>
<createdTime>2021-09-14 14:37:16 UTC</createdTime>
<ownerDesignName>model</ownerDesignName>
<engineerTo>
<item key="046161C5-C4BF-B63F-98F3-969899EA44AC" value="true"/>
</engineerTo>
<sourcePk>6700BD52-49EB-058C-284A-A9915FA6D9AE</sourcePk>
<identifying>false</identifying>
<nameOnSource>employs</nameOnSource>
<nameOnTarget> </nameOnTarget>
<optionalSource>false</optionalSource>
<optionalTarget>false</optionalTarget>
<sourceCardinality>1</sourceCardinality>
<sourceEntity>A0523C7C-BD60-FDED-C261-C0771758C0B7</sourceEntity>
<targetCardinalityString>*</targetCardinalityString>
<targetEntity>75BBF35E-81A6-34F2-6F8A-DFBBE9F5970D</targetEntity>
<transferable>true</transferable>
<deleteRule>NO ACTION</deleteRule>
</Relation>
