<?xml version = '1.0' encoding = 'UTF-8'?>
<Relation class="oracle.dbtools.crest.model.design.logical.Relation" name="MEMBER_ASSESSMENT" directorySegmentName="seg_0" id="7E1F4C39-E16D-B121-B0BA-28DEC00AB155">
<createdBy>seanl</createdBy>
<createdTime>2021-09-14 14:39:35 UTC</createdTime>
<ownerDesignName>model</ownerDesignName>
<engineerTo>
<item key="046161C5-C4BF-B63F-98F3-969899EA44AC" value="true"/>
</engineerTo>
<sourcePk>6ADC8F5C-83E0-29F5-7098-8673F7FF7CD1</sourcePk>
<identifying>true</identifying>
<nameOnSource>takes</nameOnSource>
<nameOnTarget> </nameOnTarget>
<optionalSource>true</optionalSource>
<optionalTarget>false</optionalTarget>
<sourceCardinality>1</sourceCardinality>
<sourceEntity>8FBD11BA-3D2B-6A1F-8376-543881679441</sourceEntity>
<targetCardinalityString>*</targetCardinalityString>
<targetEntity>EC16ED15-C2BC-7996-68A6-B46E6F014E9A</targetEntity>
<transferable>true</transferable>
<deleteRule>NO ACTION</deleteRule>
</Relation>
