<?xml version = '1.0' encoding = 'UTF-8'?>
<Relation class="oracle.dbtools.crest.model.design.logical.Relation" name="CLASSTAFF_STAFF" directorySegmentName="seg_0" id="927D6DDD-63F8-29BF-4E11-0D940482B3DE">
<createdBy>seanl</createdBy>
<createdTime>2021-09-14 15:13:37 UTC</createdTime>
<ownerDesignName>model</ownerDesignName>
<engineerTo>
<item key="046161C5-C4BF-B63F-98F3-969899EA44AC" value="true"/>
</engineerTo>
<sourcePk>93C51F21-415B-C027-BB22-13152ECA6BF7</sourcePk>
<targetPk>F474FFB0-47F0-7069-D863-4179055E0A4C</targetPk>
<identifying>true</identifying>
<nameOnSource> </nameOnSource>
<nameOnTarget>is in</nameOnTarget>
<optionalSource>false</optionalSource>
<optionalTarget>true</optionalTarget>
<sourceCardinality>*</sourceCardinality>
<sourceEntity>182F53F9-D9A0-5BD4-86DE-CAA71318AB67</sourceEntity>
<targetCardinalityString>1</targetCardinalityString>
<targetEntity>75BBF35E-81A6-34F2-6F8A-DFBBE9F5970D</targetEntity>
<transferable>true</transferable>
<deleteRule>NO ACTION</deleteRule>
</Relation>
