<?xml version = '1.0' encoding = 'UTF-8'?>
<Relation class="oracle.dbtools.crest.model.design.logical.Relation" name="FACILITY_CLASS" directorySegmentName="seg_0" id="A1A9BFF9-45E5-9472-0BA8-179C8947F3F9">
<createdBy>seanl</createdBy>
<createdTime>2021-09-14 14:40:05 UTC</createdTime>
<ownerDesignName>model</ownerDesignName>
<engineerTo>
<item key="046161C5-C4BF-B63F-98F3-969899EA44AC" value="true"/>
</engineerTo>
<sourcePk>7B27899B-EEF9-C4F3-DB5F-95316FD00C29</sourcePk>
<identifying>true</identifying>
<nameOnSource>is used by</nameOnSource>
<nameOnTarget> </nameOnTarget>
<optionalSource>true</optionalSource>
<optionalTarget>false</optionalTarget>
<sourceCardinality>1</sourceCardinality>
<sourceEntity>2848F88D-1053-2619-8EA7-41884755BFFD</sourceEntity>
<targetCardinalityString>*</targetCardinalityString>
<targetEntity>573EDC8F-6122-CFA0-CBB2-289040E73A5C</targetEntity>
<transferable>true</transferable>
<deleteRule>NO ACTION</deleteRule>
</Relation>
