<?xml version = '1.0' encoding = 'UTF-8'?>
<Relation class="oracle.dbtools.crest.model.design.logical.Relation" name="CLASS_CLASSSTAFF" directorySegmentName="seg_0" id="A8C2AB86-7BE8-F7FA-FE6A-0D330D54AEE7">
<createdBy>seanl</createdBy>
<createdTime>2021-09-14 15:08:12 UTC</createdTime>
<ownerDesignName>model</ownerDesignName>
<engineerTo>
<item key="046161C5-C4BF-B63F-98F3-969899EA44AC" value="true"/>
</engineerTo>
<sourcePk>2139C7AF-AFB4-C9DD-44AC-C816B98DE257</sourcePk>
<dominantRole>573EDC8F-6122-CFA0-CBB2-289040E73A5C</dominantRole>
<identifying>true</identifying>
<nameOnSource>has</nameOnSource>
<nameOnTarget> </nameOnTarget>
<optionalSource>false</optionalSource>
<optionalTarget>false</optionalTarget>
<sourceCardinality>1</sourceCardinality>
<sourceEntity>573EDC8F-6122-CFA0-CBB2-289040E73A5C</sourceEntity>
<targetCardinalityString>1</targetCardinalityString>
<targetEntity>182F53F9-D9A0-5BD4-86DE-CAA71318AB67</targetEntity>
<transferable>true</transferable>
<deleteRule>NO ACTION</deleteRule>
</Relation>
