<?xml version = '1.0' encoding = 'UTF-8'?>
<Relation class="oracle.dbtools.crest.model.design.logical.Relation" name="MEMBER_REFERRAL" directorySegmentName="seg_0" id="F9190243-2639-09DC-93ED-2F823AA8854A">
<createdBy>seanl</createdBy>
<createdTime>2021-09-14 15:00:30 UTC</createdTime>
<ownerDesignName>model</ownerDesignName>
<engineerTo>
<item key="046161C5-C4BF-B63F-98F3-969899EA44AC" value="true"/>
</engineerTo>
<targetPk>6ADC8F5C-83E0-29F5-7098-8673F7FF7CD1</targetPk>
<identifying>false</identifying>
<nameOnSource>refers</nameOnSource>
<nameOnTarget> </nameOnTarget>
<optionalSource>true</optionalSource>
<optionalTarget>true</optionalTarget>
<sourceCardinality>1</sourceCardinality>
<sourceEntity>8FBD11BA-3D2B-6A1F-8376-543881679441</sourceEntity>
<targetCardinalityString>*</targetCardinalityString>
<targetEntity>8FBD11BA-3D2B-6A1F-8376-543881679441</targetEntity>
<transferable>true</transferable>
<deleteRule>NO ACTION</deleteRule>
</Relation>
