<?xml version = '1.0' encoding = 'UTF-8'?>
<Diagram class="oracle.dbtools.crest.swingui.logical.DPVLogical" name="Logical" id="27B0EA71-826D-59EF-336B-B60A22748580">
<createdBy>seanl</createdBy>
<modifiedBy>seanl</modifiedBy>
<createdTime>2021-09-14 12:46:02 UTC</createdTime>
<autoRoute>false</autoRoute>
<boxInbox>true</boxInbox>
<showLegend>true</showLegend>
<showLabels>true</showLabels>
<showRelAttributes>false</showRelAttributes>
<gridEnabled>false</gridEnabled>
<showGrid>false</showGrid>
<diagramColor>-1</diagramColor>
<display>false</display>
<notation>2</notation>
<showAllDetails>false</showAllDetails>
<showElements>true</showElements>
<objectViews>
<OView class="oracle.dbtools.crest.swingui.logical.TVEntity" oid="11547CAD-E7CF-7664-A40A-1F9451D898E7" otype="Entity" vid="51928D42-2C0E-ADB0-A76E-DB46558B111E">
<hideElementsInCurrentOnly>false</hideElementsInCurrentOnly>
<bounds x="392" y="832" width="170" height="113"/>
</OView>
<OView class="oracle.dbtools.crest.swingui.logical.TVEntity" oid="182F53F9-D9A0-5BD4-86DE-CAA71318AB67" otype="Entity" vid="D38E7B18-A397-E8BB-2236-EFD243E16E6B">
<hideElementsInCurrentOnly>false</hideElementsInCurrentOnly>
<bounds x="871" y="705" width="141" height="110"/>
</OView>
<OView class="oracle.dbtools.crest.swingui.logical.TVEntity" oid="26D7882D-BB19-8C32-3FF2-5246B01B3729" otype="Entity" vid="BAC00759-F677-231D-8033-AF98DC77C39D">
<hideElementsInCurrentOnly>false</hideElementsInCurrentOnly>
<bounds x="1217" y="189" width="170" height="87"/>
</OView>
<OView class="oracle.dbtools.crest.swingui.logical.TVEntity" oid="2848F88D-1053-2619-8EA7-41884755BFFD" otype="Entity" vid="47A52804-C82D-3D40-63F4-4EEAD204E831">
<hideElementsInCurrentOnly>false</hideElementsInCurrentOnly>
<bounds x="91" y="195" width="170" height="110"/>
</OView>
<OView class="oracle.dbtools.crest.swingui.logical.TVEntity" oid="2F2FF104-3F17-BC88-EC4B-2EA6D46137C8" otype="Entity" vid="6BBBE17D-2717-79B9-AFB0-6E1CD2B20B50">
<hideElementsInCurrentOnly>false</hideElementsInCurrentOnly>
<bounds x="680" y="596" width="170" height="111"/>
</OView>
<OView class="oracle.dbtools.crest.swingui.logical.TVEntity" oid="573EDC8F-6122-CFA0-CBB2-289040E73A5C" otype="Entity" vid="6635D8CE-03E0-C147-3F50-068F62A22E85">
<hideElementsInCurrentOnly>false</hideElementsInCurrentOnly>
<bounds x="387" y="560" width="170" height="196"/>
</OView>
<OView class="oracle.dbtools.crest.swingui.logical.TVEntity" oid="75BBF35E-81A6-34F2-6F8A-DFBBE9F5970D" otype="Entity" vid="B0FFB2E0-976A-4AC8-134D-E9CD44C39508">
<hideElementsInCurrentOnly>false</hideElementsInCurrentOnly>
<bounds x="875" y="194" width="170" height="136"/>
</OView>
<OView class="oracle.dbtools.crest.swingui.logical.TVEntity" oid="8FBD11BA-3D2B-6A1F-8376-543881679441" otype="Entity" vid="F0E0BA67-0BB6-7B36-E330-731D39445DBC">
<hideElementsInCurrentOnly>false</hideElementsInCurrentOnly>
<bounds x="622" y="390" width="170" height="131"/>
</OView>
<OView class="oracle.dbtools.crest.swingui.logical.TVEntity" oid="A0523C7C-BD60-FDED-C261-C0771758C0B7" otype="Entity" vid="E9D7A1DB-EB10-3E29-B82B-F86BFA28C7BB">
<hideElementsInCurrentOnly>false</hideElementsInCurrentOnly>
<bounds x="383" y="180" width="170" height="136"/>
</OView>
<OView class="oracle.dbtools.crest.swingui.TVLegend" oid="B9D9CFC8-58F9-AC77-89E3-3C8664CA9D62" otype="Legend" vid="AA497736-F6FA-BF75-600D-43D7D79EB430">
<hideElementsInCurrentOnly>false</hideElementsInCurrentOnly>
<bounds x="10" y="10" width="232" height="135"/>
</OView>
<OView class="oracle.dbtools.crest.swingui.logical.TVEntity" oid="EC16ED15-C2BC-7996-68A6-B46E6F014E9A" otype="Entity" vid="2C14D6C6-185B-071B-D093-6DD0805F8688">
<hideElementsInCurrentOnly>false</hideElementsInCurrentOnly>
<bounds x="879" y="411" width="170" height="134"/>
</OView>
<OView class="oracle.dbtools.crest.swingui.logical.TVEntity" oid="F5C14A9A-1C95-73F8-DC67-1BC43AF0C6DF" otype="Entity" vid="D68B792F-A344-32CB-D4F5-F97C09C7F721">
<hideElementsInCurrentOnly>false</hideElementsInCurrentOnly>
<bounds x="67" y="654" width="170" height="110"/>
</OView>
</objectViews>
<connectors>
<Connector class="oracle.dbtools.crest.swingui.logical.TVRelation" oid="01E40741-8C1B-7F00-D1C5-D35EC14BF75E" otype="Relation" vid_source="6635D8CE-03E0-C147-3F50-068F62A22E85" vid_target="6BBBE17D-2717-79B9-AFB0-6E1CD2B20B50">
<hideElementsInCurrentOnly>false</hideElementsInCurrentOnly>
<backgroundColor>-16777216</backgroundColor>
<lineWidth>1</lineWidth>
<sourceLabel class="oracle.dbtools.crest.model.design.Label">
<site>0</site>
<labelBounds x="567" y="621" width="31" height="30"/>
<noBackgroundColor>true</noBackgroundColor>
<noForegroundColor>true</noForegroundColor>
</sourceLabel>
<targetLabel class="oracle.dbtools.crest.model.design.Label">
<site>2</site>
<labelBounds x="656" y="654" width="18" height="30"/>
<noBackgroundColor>true</noBackgroundColor>
<noForegroundColor>true</noForegroundColor>
</targetLabel>
<points>
<point x="557" y="651"/>
<point x="680" y="651"/>
</points>
</Connector>
<Connector class="oracle.dbtools.crest.swingui.logical.TVRelation" oid="15C85577-4E2F-020B-8EBF-48CAC8F7E599" otype="Relation" vid_source="E9D7A1DB-EB10-3E29-B82B-F86BFA28C7BB" vid_target="47A52804-C82D-3D40-63F4-4EEAD204E831">
<hideElementsInCurrentOnly>false</hideElementsInCurrentOnly>
<backgroundColor>-16777216</backgroundColor>
<lineWidth>1</lineWidth>
<sourceLabel class="oracle.dbtools.crest.model.design.Label">
<site>0</site>
<labelBounds x="346" y="220" width="31" height="30"/>
<noBackgroundColor>true</noBackgroundColor>
<noForegroundColor>true</noForegroundColor>
</sourceLabel>
<targetLabel class="oracle.dbtools.crest.model.design.Label">
<site>2</site>
<labelBounds x="271" y="253" width="18" height="30"/>
<noBackgroundColor>true</noBackgroundColor>
<noForegroundColor>true</noForegroundColor>
</targetLabel>
<points>
<point x="383" y="250"/>
<point x="261" y="250"/>
</points>
</Connector>
<Connector class="oracle.dbtools.crest.swingui.logical.TVRelation" oid="228ABEAF-D981-E402-0123-03441358B1CA" otype="Relation" vid_source="BAC00759-F677-231D-8033-AF98DC77C39D" vid_target="B0FFB2E0-976A-4AC8-134D-E9CD44C39508">
<hideElementsInCurrentOnly>false</hideElementsInCurrentOnly>
<backgroundColor>-16777216</backgroundColor>
<lineWidth>1</lineWidth>
<sourceLabel class="oracle.dbtools.crest.model.design.Label">
<site>0</site>
<labelBounds x="1138" y="205" width="73" height="30"/>
<noBackgroundColor>true</noBackgroundColor>
<noForegroundColor>true</noForegroundColor>
</sourceLabel>
<targetLabel class="oracle.dbtools.crest.model.design.Label">
<site>2</site>
<labelBounds x="1055" y="238" width="18" height="30"/>
<noBackgroundColor>true</noBackgroundColor>
<noForegroundColor>true</noForegroundColor>
</targetLabel>
<points>
<point x="1217" y="258"/>
<point x="1045" y="235"/>
</points>
</Connector>
<Connector class="oracle.dbtools.crest.swingui.logical.TVRelation" oid="359CCB0B-117B-940D-BD6E-C9AD1252ADE0" otype="Relation" vid_source="E9D7A1DB-EB10-3E29-B82B-F86BFA28C7BB" vid_target="B0FFB2E0-976A-4AC8-134D-E9CD44C39508">
<hideElementsInCurrentOnly>false</hideElementsInCurrentOnly>
<backgroundColor>-16777216</backgroundColor>
<lineWidth>1</lineWidth>
<sourceLabel class="oracle.dbtools.crest.model.design.Label">
<site>0</site>
<labelBounds x="563" y="208" width="55" height="32"/>
<noBackgroundColor>true</noBackgroundColor>
<noForegroundColor>true</noForegroundColor>
</sourceLabel>
<targetLabel class="oracle.dbtools.crest.model.design.Label">
<site>2</site>
<labelBounds x="851" y="243" width="18" height="30"/>
<noBackgroundColor>true</noBackgroundColor>
<noForegroundColor>true</noForegroundColor>
</targetLabel>
<points>
<point x="553" y="240"/>
<point x="875" y="222"/>
</points>
</Connector>
<Connector class="oracle.dbtools.crest.swingui.logical.TVRelation" oid="4ECB5D60-D2B6-2461-DB66-EA8F2D661ACA" otype="Relation" vid_source="6635D8CE-03E0-C147-3F50-068F62A22E85" vid_target="51928D42-2C0E-ADB0-A76E-DB46558B111E">
<hideElementsInCurrentOnly>false</hideElementsInCurrentOnly>
<backgroundColor>-16777216</backgroundColor>
<lineWidth>1</lineWidth>
<points>
<point x="474" y="756"/>
<point x="474" y="832"/>
</points>
</Connector>
<Connector class="oracle.dbtools.crest.swingui.logical.TVRelation" oid="699DC621-5142-4797-8A4C-3B3419240D55" otype="Relation" vid_source="F0E0BA67-0BB6-7B36-E330-731D39445DBC" vid_target="51928D42-2C0E-ADB0-A76E-DB46558B111E">
<hideElementsInCurrentOnly>false</hideElementsInCurrentOnly>
<useDefaultColor>false</useDefaultColor>
<backgroundColor>-52429</backgroundColor>
<lineWidth>1</lineWidth>
<sourceLabel class="oracle.dbtools.crest.model.design.Label">
<site>0</site>
<labelBounds x="640" y="577" width="37" height="26"/>
<noBackgroundColor>true</noBackgroundColor>
<noForegroundColor>true</noForegroundColor>
</sourceLabel>
<targetLabel class="oracle.dbtools.crest.model.design.Label">
<site>2</site>
<labelBounds x="572" y="864" width="18" height="30"/>
<noBackgroundColor>true</noBackgroundColor>
<noForegroundColor>true</noForegroundColor>
</targetLabel>
<points>
<point x="640" y="521"/>
<point x="640" y="861"/>
<point x="562" y="861"/>
</points>
</Connector>
<Connector class="oracle.dbtools.crest.swingui.logical.TVRelation" oid="78E2AEC8-2AC4-207D-2414-ED0D5C22F83C" otype="Relation" vid_source="B0FFB2E0-976A-4AC8-134D-E9CD44C39508" vid_target="2C14D6C6-185B-071B-D093-6DD0805F8688">
<hideElementsInCurrentOnly>false</hideElementsInCurrentOnly>
<backgroundColor>-16777216</backgroundColor>
<lineWidth>1</lineWidth>
<sourceLabel class="oracle.dbtools.crest.model.design.Label">
<site>0</site>
<labelBounds x="962" y="382" width="39" height="30"/>
<noBackgroundColor>true</noBackgroundColor>
<noForegroundColor>true</noForegroundColor>
</sourceLabel>
<targetLabel class="oracle.dbtools.crest.model.design.Label">
<site>2</site>
<labelBounds x="962" y="378" width="30" height="27"/>
<noBackgroundColor>true</noBackgroundColor>
<noForegroundColor>true</noForegroundColor>
</targetLabel>
<points>
<point x="962" y="330"/>
<point x="962" y="411"/>
</points>
</Connector>
<Connector class="oracle.dbtools.crest.swingui.logical.TVRelation" oid="7E1F4C39-E16D-B121-B0BA-28DEC00AB155" otype="Relation" vid_source="F0E0BA67-0BB6-7B36-E330-731D39445DBC" vid_target="2C14D6C6-185B-071B-D093-6DD0805F8688">
<hideElementsInCurrentOnly>false</hideElementsInCurrentOnly>
<backgroundColor>-16777216</backgroundColor>
<lineWidth>1</lineWidth>
<sourceLabel class="oracle.dbtools.crest.model.design.Label">
<site>0</site>
<labelBounds x="802" y="436" width="38" height="30"/>
<noBackgroundColor>true</noBackgroundColor>
<noForegroundColor>true</noForegroundColor>
</sourceLabel>
<targetLabel class="oracle.dbtools.crest.model.design.Label">
<site>2</site>
<labelBounds x="855" y="469" width="18" height="30"/>
<noBackgroundColor>true</noBackgroundColor>
<noForegroundColor>true</noForegroundColor>
</targetLabel>
<points>
<point x="792" y="466"/>
<point x="879" y="466"/>
</points>
</Connector>
<Connector class="oracle.dbtools.crest.swingui.logical.TVRelation" oid="927D6DDD-63F8-29BF-4E11-0D940482B3DE" otype="Relation" vid_source="D38E7B18-A397-E8BB-2236-EFD243E16E6B" vid_target="B0FFB2E0-976A-4AC8-134D-E9CD44C39508">
<hideElementsInCurrentOnly>false</hideElementsInCurrentOnly>
<backgroundColor>-16777216</backgroundColor>
<lineWidth>1</lineWidth>
<sourceLabel class="oracle.dbtools.crest.model.design.Label">
<site>0</site>
<labelBounds x="1022" y="706" width="34" height="30"/>
<noBackgroundColor>true</noBackgroundColor>
<noForegroundColor>true</noForegroundColor>
</sourceLabel>
<targetLabel class="oracle.dbtools.crest.model.design.Label">
<site>2</site>
<labelBounds x="1055" y="307" width="34" height="30"/>
<noBackgroundColor>true</noBackgroundColor>
<noForegroundColor>true</noForegroundColor>
</targetLabel>
<points>
<point x="1012" y="736"/>
<point x="1116" y="736"/>
<point x="1118" y="304"/>
<point x="1045" y="304"/>
</points>
</Connector>
<Connector class="oracle.dbtools.crest.swingui.logical.TVRelation" oid="A1A9BFF9-45E5-9472-0BA8-179C8947F3F9" otype="Relation" vid_source="47A52804-C82D-3D40-63F4-4EEAD204E831" vid_target="6635D8CE-03E0-C147-3F50-068F62A22E85">
<hideElementsInCurrentOnly>false</hideElementsInCurrentOnly>
<backgroundColor>-16777216</backgroundColor>
<lineWidth>1</lineWidth>
<sourceLabel class="oracle.dbtools.crest.model.design.Label">
<site>0</site>
<labelBounds x="190" y="349" width="61" height="30"/>
<noBackgroundColor>true</noBackgroundColor>
<noForegroundColor>true</noForegroundColor>
</sourceLabel>
<targetLabel class="oracle.dbtools.crest.model.design.Label">
<site>2</site>
<labelBounds x="363" y="594" width="18" height="30"/>
<noBackgroundColor>true</noBackgroundColor>
<noForegroundColor>true</noForegroundColor>
</targetLabel>
<points>
<point x="190" y="305"/>
<point x="190" y="591"/>
<point x="387" y="591"/>
</points>
</Connector>
<Connector class="oracle.dbtools.crest.swingui.logical.TVRelation" oid="A8C2AB86-7BE8-F7FA-FE6A-0D330D54AEE7" otype="Relation" vid_source="6635D8CE-03E0-C147-3F50-068F62A22E85" vid_target="D38E7B18-A397-E8BB-2236-EFD243E16E6B">
<hideElementsInCurrentOnly>false</hideElementsInCurrentOnly>
<backgroundColor>-16777216</backgroundColor>
<lineWidth>1</lineWidth>
<sourceLabel class="oracle.dbtools.crest.model.design.Label">
<site>0</site>
<labelBounds x="567" y="700" width="31" height="30"/>
<noBackgroundColor>true</noBackgroundColor>
<noForegroundColor>true</noForegroundColor>
</sourceLabel>
<targetLabel class="oracle.dbtools.crest.model.design.Label">
<site>2</site>
<labelBounds x="847" y="733" width="18" height="30"/>
<noBackgroundColor>true</noBackgroundColor>
<noForegroundColor>true</noForegroundColor>
</targetLabel>
<points>
<point x="557" y="730"/>
<point x="871" y="730"/>
</points>
</Connector>
<Connector class="oracle.dbtools.crest.swingui.logical.TVRelation" oid="ADB30D6C-4F85-1C23-23F9-60E89C542BBC" otype="Relation" vid_source="D68B792F-A344-32CB-D4F5-F97C09C7F721" vid_target="6635D8CE-03E0-C147-3F50-068F62A22E85">
<hideElementsInCurrentOnly>false</hideElementsInCurrentOnly>
<backgroundColor>-16777216</backgroundColor>
<lineWidth>1</lineWidth>
<sourceLabel class="oracle.dbtools.crest.model.design.Label">
<site>0</site>
<labelBounds x="247" y="675" width="113" height="30"/>
<noBackgroundColor>true</noBackgroundColor>
<noForegroundColor>true</noForegroundColor>
</sourceLabel>
<targetLabel class="oracle.dbtools.crest.model.design.Label">
<site>2</site>
<labelBounds x="363" y="708" width="18" height="30"/>
<noBackgroundColor>true</noBackgroundColor>
<noForegroundColor>true</noForegroundColor>
</targetLabel>
<points>
<point x="237" y="705"/>
<point x="387" y="688"/>
</points>
</Connector>
<Connector class="oracle.dbtools.crest.swingui.logical.TVRelation" oid="B2EBE350-EB95-0DE9-8716-EF1ECF113F37" otype="Relation" vid_source="F0E0BA67-0BB6-7B36-E330-731D39445DBC" vid_target="6BBBE17D-2717-79B9-AFB0-6E1CD2B20B50">
<hideElementsInCurrentOnly>false</hideElementsInCurrentOnly>
<backgroundColor>-16777216</backgroundColor>
<lineWidth>1</lineWidth>
<sourceLabel class="oracle.dbtools.crest.model.design.Label">
<site>0</site>
<labelBounds x="736" y="573" width="44" height="30"/>
<noBackgroundColor>true</noBackgroundColor>
<noForegroundColor>true</noForegroundColor>
</sourceLabel>
<targetLabel class="oracle.dbtools.crest.model.design.Label">
<site>2</site>
<labelBounds x="736" y="560" width="18" height="30"/>
<noBackgroundColor>true</noBackgroundColor>
<noForegroundColor>true</noForegroundColor>
</targetLabel>
<points>
<point x="736" y="521"/>
<point x="736" y="596"/>
</points>
</Connector>
<Connector class="oracle.dbtools.crest.swingui.logical.TVRelation" oid="C0A91D19-E271-65B3-C845-11D28BE40D5B" otype="Relation" vid_source="B0FFB2E0-976A-4AC8-134D-E9CD44C39508" vid_target="E9D7A1DB-EB10-3E29-B82B-F86BFA28C7BB">
<hideElementsInCurrentOnly>false</hideElementsInCurrentOnly>
<backgroundColor>-16777216</backgroundColor>
<lineWidth>1</lineWidth>
<sourceLabel class="oracle.dbtools.crest.model.design.Label">
<site>0</site>
<labelBounds x="811" y="275" width="58" height="30"/>
<noBackgroundColor>true</noBackgroundColor>
<noForegroundColor>true</noForegroundColor>
</sourceLabel>
<targetLabel class="oracle.dbtools.crest.model.design.Label">
<site>2</site>
<labelBounds x="563" y="276" width="18" height="30"/>
<noBackgroundColor>true</noBackgroundColor>
<noForegroundColor>true</noForegroundColor>
</targetLabel>
<points>
<point x="875" y="275"/>
<point x="553" y="276"/>
</points>
</Connector>
<Connector class="oracle.dbtools.crest.swingui.logical.TVRelation" oid="F9190243-2639-09DC-93ED-2F823AA8854A" otype="Relation" vid_source="F0E0BA67-0BB6-7B36-E330-731D39445DBC" vid_target="F0E0BA67-0BB6-7B36-E330-731D39445DBC">
<hideElementsInCurrentOnly>false</hideElementsInCurrentOnly>
<backgroundColor>-16777216</backgroundColor>
<lineWidth>1</lineWidth>
<sourceLabel class="oracle.dbtools.crest.model.design.Label">
<site>0</site>
<labelBounds x="538" y="413" width="39" height="36"/>
<noBackgroundColor>true</noBackgroundColor>
<noForegroundColor>true</noForegroundColor>
</sourceLabel>
<targetLabel class="oracle.dbtools.crest.model.design.Label">
<site>2</site>
<labelBounds x="536" y="470" width="18" height="30"/>
<noBackgroundColor>true</noBackgroundColor>
<noForegroundColor>true</noForegroundColor>
</targetLabel>
<points>
<point x="622" y="434"/>
<point x="538" y="434"/>
<point x="536" y="480"/>
<point x="622" y="480"/>
</points>
</Connector>
<Connector class="oracle.dbtools.crest.swingui.logical.TVRelation" oid="FD5D6642-4828-6190-8D26-4469B32DDA4F" otype="Relation" vid_source="E9D7A1DB-EB10-3E29-B82B-F86BFA28C7BB" vid_target="F0E0BA67-0BB6-7B36-E330-731D39445DBC">
<hideElementsInCurrentOnly>false</hideElementsInCurrentOnly>
<backgroundColor>-16777216</backgroundColor>
<lineWidth>1</lineWidth>
<sourceLabel class="oracle.dbtools.crest.model.design.Label">
<site>0</site>
<labelBounds x="521" y="352" width="115" height="22"/>
<noBackgroundColor>true</noBackgroundColor>
<noForegroundColor>true</noForegroundColor>
</sourceLabel>
<targetLabel class="oracle.dbtools.crest.model.design.Label">
<site>2</site>
<labelBounds x="685" y="354" width="18" height="30"/>
<noBackgroundColor>true</noBackgroundColor>
<noForegroundColor>true</noForegroundColor>
</targetLabel>
<points>
<point x="521" y="316"/>
<point x="521" y="339"/>
<point x="685" y="338"/>
<point x="685" y="390"/>
</points>
</Connector>
</connectors>
</Diagram>
