<?xml version = '1.0' encoding = 'UTF-8'?>
<Diagram class="oracle.dbtools.crest.swingui.relational.DPVRelational" name="Relational_1" id="CBEE2F9B-A9FE-9593-6123-7FE5A24D47F4">
<createdBy>seanl</createdBy>
<modifiedBy>seanl</modifiedBy>
<createdTime>2021-09-14 12:46:02 UTC</createdTime>
<autoRoute>false</autoRoute>
<boxInbox>true</boxInbox>
<showLegend>false</showLegend>
<showLabels>false</showLabels>
<showRelAttributes>false</showRelAttributes>
<gridEnabled>false</gridEnabled>
<showGrid>false</showGrid>
<diagramColor>-1</diagramColor>
<display>false</display>
<notation>1</notation>
<objectViews>
<OView class="oracle.dbtools.crest.swingui.relational.TVTable" oid="13822AB3-64D3-568F-3856-FB39C7ED40F2" otype="Table" vid="B553F8AB-8608-A4BA-6273-E3AFAAFFD650">
<hideElementsInCurrentOnly>false</hideElementsInCurrentOnly>
<bounds x="879" y="411" width="170" height="134"/>
</OView>
<OView class="oracle.dbtools.crest.swingui.relational.TVTable" oid="2F87A15F-7AE6-B291-6921-C32905FE314D" otype="Table" vid="EAF593BD-A60A-D4A2-4985-F8885F3BD251">
<hideElementsInCurrentOnly>false</hideElementsInCurrentOnly>
<bounds x="680" y="596" width="170" height="111"/>
</OView>
<OView class="oracle.dbtools.crest.swingui.relational.TVTable" oid="4E3FD33A-CA7D-03AE-29D0-5A43C0153E8E" otype="Table" vid="83D6ABE6-81BB-5174-CAFF-E6E9D517089D">
<hideElementsInCurrentOnly>false</hideElementsInCurrentOnly>
<bounds x="875" y="194" width="170" height="136"/>
</OView>
<OView class="oracle.dbtools.crest.swingui.relational.TVTable" oid="66B3DAA8-E43B-15D0-F4FD-FC2D38D2D8BD" otype="Table" vid="6429C788-0BD4-657C-B7CA-43EF150C68C4">
<hideElementsInCurrentOnly>false</hideElementsInCurrentOnly>
<bounds x="392" y="832" width="170" height="113"/>
</OView>
<OView class="oracle.dbtools.crest.swingui.relational.TVTable" oid="8CD64625-C11F-C6C3-A7FB-8130018A7771" otype="Table" vid="C9729B9B-92C0-BD22-1130-6AE8AA8FE9DF">
<hideElementsInCurrentOnly>false</hideElementsInCurrentOnly>
<bounds x="871" y="705" width="141" height="110"/>
</OView>
<OView class="oracle.dbtools.crest.swingui.relational.TVTable" oid="98472FC3-AF70-9FF5-84E1-EA8D72666204" otype="Table" vid="F1BC3388-68CD-D040-EF3B-B4C8ABFCD9F8">
<hideElementsInCurrentOnly>false</hideElementsInCurrentOnly>
<bounds x="387" y="560" width="170" height="196"/>
</OView>
<OView class="oracle.dbtools.crest.swingui.relational.TVTable" oid="B0ED6C9D-66B1-DEC0-AD90-7977D8E1B76C" otype="Table" vid="B73EFF5F-D1AC-7823-9222-E7CE3B8F2DD9">
<hideElementsInCurrentOnly>false</hideElementsInCurrentOnly>
<bounds x="67" y="654" width="170" height="110"/>
</OView>
<OView class="oracle.dbtools.crest.swingui.relational.TVTable" oid="B5BD6807-538B-46ED-2EE1-E72B8146B90F" otype="Table" vid="5E68867D-29A9-C098-5083-8BFA55962C7A">
<hideElementsInCurrentOnly>false</hideElementsInCurrentOnly>
<bounds x="622" y="390" width="170" height="131"/>
</OView>
<OView class="oracle.dbtools.crest.swingui.relational.TVTable" oid="C4FEF8DA-017B-A533-D175-C15E3EDB8FF8" otype="Table" vid="273E3CF6-5306-308A-CA68-8F72B39D782E">
<hideElementsInCurrentOnly>false</hideElementsInCurrentOnly>
<bounds x="383" y="180" width="170" height="136"/>
</OView>
<OView class="oracle.dbtools.crest.swingui.relational.TVTable" oid="FE298ABA-F8B9-FD3F-9FBA-09E73BDBFB4C" otype="Table" vid="BBB110CA-BC40-A5BA-02A3-A06836CACA56">
<hideElementsInCurrentOnly>false</hideElementsInCurrentOnly>
<bounds x="1217" y="189" width="170" height="87"/>
</OView>
<OView class="oracle.dbtools.crest.swingui.relational.TVTable" oid="FFFC8138-FB96-C0D0-3953-69C8624FBBA5" otype="Table" vid="9B4764B6-6C80-2E1D-CEB7-8D870DE558CA">
<hideElementsInCurrentOnly>false</hideElementsInCurrentOnly>
<bounds x="91" y="195" width="170" height="110"/>
</OView>
</objectViews>
<connectors>
<Connector class="oracle.dbtools.crest.swingui.relational.TVFKRelation" oid="092DC71C-A8B0-853D-DDD7-E800584C9060" otype="FKIndexAssociation" vid_source="83D6ABE6-81BB-5174-CAFF-E6E9D517089D" vid_target="273E3CF6-5306-308A-CA68-8F72B39D782E">
<hideElementsInCurrentOnly>false</hideElementsInCurrentOnly>
<backgroundColor>-16777216</backgroundColor>
<lineWidth>1</lineWidth>
<points>
<point x="875" y="275"/>
<point x="553" y="276"/>
</points>
</Connector>
<Connector class="oracle.dbtools.crest.swingui.relational.TVFKRelation" oid="09AFB78E-0B3A-F704-9280-396F7B169478" otype="FKIndexAssociation" vid_source="83D6ABE6-81BB-5174-CAFF-E6E9D517089D" vid_target="B553F8AB-8608-A4BA-6273-E3AFAAFFD650">
<hideElementsInCurrentOnly>false</hideElementsInCurrentOnly>
<backgroundColor>-16777216</backgroundColor>
<lineWidth>1</lineWidth>
<points>
<point x="962" y="330"/>
<point x="962" y="411"/>
</points>
</Connector>
<Connector class="oracle.dbtools.crest.swingui.relational.TVFKRelation" oid="0DF9BE9A-BC8D-35FF-AA76-47B3E2A09CF7" otype="FKIndexAssociation" vid_source="BBB110CA-BC40-A5BA-02A3-A06836CACA56" vid_target="83D6ABE6-81BB-5174-CAFF-E6E9D517089D">
<hideElementsInCurrentOnly>false</hideElementsInCurrentOnly>
<backgroundColor>-16777216</backgroundColor>
<lineWidth>1</lineWidth>
<points>
<point x="1217" y="258"/>
<point x="1045" y="235"/>
</points>
</Connector>
<Connector class="oracle.dbtools.crest.swingui.relational.TVFKRelation" oid="1254D3F9-1439-5EE6-AEC9-0F2029FADB3E" otype="FKIndexAssociation" vid_source="F1BC3388-68CD-D040-EF3B-B4C8ABFCD9F8" vid_target="6429C788-0BD4-657C-B7CA-43EF150C68C4">
<hideElementsInCurrentOnly>false</hideElementsInCurrentOnly>
<backgroundColor>-16777216</backgroundColor>
<lineWidth>1</lineWidth>
<points>
<point x="474" y="756"/>
<point x="474" y="832"/>
</points>
</Connector>
<Connector class="oracle.dbtools.crest.swingui.relational.TVFKRelation" oid="2AF4C573-DEE5-6B25-3CA6-96AA7E3EE1B5" otype="FKIndexAssociation" vid_source="273E3CF6-5306-308A-CA68-8F72B39D782E" vid_target="9B4764B6-6C80-2E1D-CEB7-8D870DE558CA">
<hideElementsInCurrentOnly>false</hideElementsInCurrentOnly>
<backgroundColor>-16777216</backgroundColor>
<lineWidth>1</lineWidth>
<points>
<point x="383" y="243"/>
<point x="261" y="250"/>
</points>
</Connector>
<Connector class="oracle.dbtools.crest.swingui.relational.TVFKRelation" oid="301BE73A-26FE-3C04-7433-4666CEF68343" otype="FKIndexAssociation" vid_source="273E3CF6-5306-308A-CA68-8F72B39D782E" vid_target="83D6ABE6-81BB-5174-CAFF-E6E9D517089D">
<hideElementsInCurrentOnly>false</hideElementsInCurrentOnly>
<backgroundColor>-16777216</backgroundColor>
<lineWidth>1</lineWidth>
<points>
<point x="553" y="240"/>
<point x="875" y="222"/>
</points>
</Connector>
<Connector class="oracle.dbtools.crest.swingui.relational.TVFKRelation" oid="36B38D12-7DB2-2D66-0D63-26C088F7D10C" otype="FKIndexAssociation" vid_source="9B4764B6-6C80-2E1D-CEB7-8D870DE558CA" vid_target="F1BC3388-68CD-D040-EF3B-B4C8ABFCD9F8">
<hideElementsInCurrentOnly>false</hideElementsInCurrentOnly>
<backgroundColor>-16777216</backgroundColor>
<lineWidth>1</lineWidth>
<points>
<point x="190" y="305"/>
<point x="190" y="591"/>
<point x="387" y="591"/>
</points>
</Connector>
<Connector class="oracle.dbtools.crest.swingui.relational.TVFKRelation" oid="5147DEE7-B92C-8EDB-79BD-A9058623AB9F" otype="FKIndexAssociation" vid_source="5E68867D-29A9-C098-5083-8BFA55962C7A" vid_target="6429C788-0BD4-657C-B7CA-43EF150C68C4">
<hideElementsInCurrentOnly>false</hideElementsInCurrentOnly>
<backgroundColor>-16777216</backgroundColor>
<lineWidth>1</lineWidth>
<points>
<point x="640" y="521"/>
<point x="640" y="861"/>
<point x="562" y="861"/>
</points>
</Connector>
<Connector class="oracle.dbtools.crest.swingui.relational.TVFKRelation" oid="6316D15A-4AA7-0BE2-051D-62E4BB1AC6E8" otype="FKIndexAssociation" vid_source="5E68867D-29A9-C098-5083-8BFA55962C7A" vid_target="5E68867D-29A9-C098-5083-8BFA55962C7A">
<hideElementsInCurrentOnly>false</hideElementsInCurrentOnly>
<backgroundColor>-16777216</backgroundColor>
<lineWidth>1</lineWidth>
<points>
<point x="622" y="434"/>
<point x="538" y="434"/>
<point x="536" y="480"/>
<point x="622" y="480"/>
</points>
</Connector>
<Connector class="oracle.dbtools.crest.swingui.relational.TVFKRelation" oid="6A10D787-5C3C-8FC1-EFCE-4FD98A0AC069" otype="FKIndexAssociation" vid_source="5E68867D-29A9-C098-5083-8BFA55962C7A" vid_target="B553F8AB-8608-A4BA-6273-E3AFAAFFD650">
<hideElementsInCurrentOnly>false</hideElementsInCurrentOnly>
<backgroundColor>-16777216</backgroundColor>
<lineWidth>1</lineWidth>
<points>
<point x="792" y="466"/>
<point x="879" y="466"/>
</points>
</Connector>
<Connector class="oracle.dbtools.crest.swingui.relational.TVFKRelation" oid="7C814F4E-FEB8-45D5-CDC7-F9EAD7221014" otype="FKIndexAssociation" vid_source="B73EFF5F-D1AC-7823-9222-E7CE3B8F2DD9" vid_target="F1BC3388-68CD-D040-EF3B-B4C8ABFCD9F8">
<hideElementsInCurrentOnly>false</hideElementsInCurrentOnly>
<backgroundColor>-16777216</backgroundColor>
<lineWidth>1</lineWidth>
<points>
<point x="237" y="705"/>
<point x="387" y="688"/>
</points>
</Connector>
<Connector class="oracle.dbtools.crest.swingui.relational.TVFKRelation" oid="8A0F8F52-442F-2B1A-459A-FF700992B84A" otype="FKIndexAssociation" vid_source="5E68867D-29A9-C098-5083-8BFA55962C7A" vid_target="EAF593BD-A60A-D4A2-4985-F8885F3BD251">
<hideElementsInCurrentOnly>false</hideElementsInCurrentOnly>
<backgroundColor>-16777216</backgroundColor>
<lineWidth>1</lineWidth>
<points>
<point x="736" y="521"/>
<point x="736" y="596"/>
</points>
</Connector>
<Connector class="oracle.dbtools.crest.swingui.relational.TVFKRelation" oid="C2D8DF23-1E2F-9C19-FA90-A11D3BAFE0C9" otype="FKIndexAssociation" vid_source="F1BC3388-68CD-D040-EF3B-B4C8ABFCD9F8" vid_target="C9729B9B-92C0-BD22-1130-6AE8AA8FE9DF">
<hideElementsInCurrentOnly>false</hideElementsInCurrentOnly>
<backgroundColor>-16777216</backgroundColor>
<lineWidth>1</lineWidth>
<points>
<point x="557" y="730"/>
<point x="871" y="730"/>
</points>
</Connector>
<Connector class="oracle.dbtools.crest.swingui.relational.TVFKRelation" oid="D991F546-3CBA-0324-25A6-AF0CD370BF0A" otype="FKIndexAssociation" vid_source="83D6ABE6-81BB-5174-CAFF-E6E9D517089D" vid_target="C9729B9B-92C0-BD22-1130-6AE8AA8FE9DF">
<hideElementsInCurrentOnly>false</hideElementsInCurrentOnly>
<backgroundColor>-16777216</backgroundColor>
<lineWidth>1</lineWidth>
<points>
<point x="1045" y="330"/>
<point x="1116" y="736"/>
<point x="1118" y="304"/>
<point x="1012" y="705"/>
</points>
</Connector>
<Connector class="oracle.dbtools.crest.swingui.relational.TVFKRelation" oid="DE559336-8A0D-282E-E648-3F8A1FED6B35" otype="FKIndexAssociation" vid_source="273E3CF6-5306-308A-CA68-8F72B39D782E" vid_target="5E68867D-29A9-C098-5083-8BFA55962C7A">
<hideElementsInCurrentOnly>false</hideElementsInCurrentOnly>
<backgroundColor>-16777216</backgroundColor>
<lineWidth>1</lineWidth>
<points>
<point x="521" y="316"/>
<point x="521" y="339"/>
<point x="685" y="338"/>
<point x="685" y="390"/>
</points>
</Connector>
<Connector class="oracle.dbtools.crest.swingui.relational.TVFKRelation" oid="F7AB09E0-85E0-3541-65AB-F33C2265A741" otype="FKIndexAssociation" vid_source="F1BC3388-68CD-D040-EF3B-B4C8ABFCD9F8" vid_target="EAF593BD-A60A-D4A2-4985-F8885F3BD251">
<hideElementsInCurrentOnly>false</hideElementsInCurrentOnly>
<backgroundColor>-16777216</backgroundColor>
<lineWidth>1</lineWidth>
<points>
<point x="557" y="651"/>
<point x="680" y="651"/>
</points>
</Connector>
</connectors>
</Diagram>
