<?xml version = '1.0' encoding = 'UTF-8'?>
<Table class="oracle.dbtools.crest.model.design.relational.Table" directorySegmentName="seg_0" id="2F87A15F-7AE6-B291-6921-C32905FE314D" name="CLASS_REGISTRATION">
<createdBy>seanl</createdBy>
<createdTime>2021-09-15 11:21:48 UTC</createdTime>
<generatorID>2F2FF104-3F17-BC88-EC4B-2EA6D46137C8</generatorID>
<ownerDesignName>model</ownerDesignName>
<allowColumnReorder>false</allowColumnReorder>
<existDependencyGenerateInDDl>true</existDependencyGenerateInDDl>
<parsed>true</parsed>
<columns itemClass="oracle.dbtools.crest.model.design.relational.Column">
<Column name="mem_no" id="C7A00EBA-3F29-A61B-0108-27BAFC060588">
<createdBy>seanl</createdBy>
<createdTime>2021-09-15 11:21:48 UTC</createdTime>
<commentInRDBMS><![CDATA[Member number]]></commentInRDBMS>
<generatorID>DA108DD2-BC67-B705-21CC-72702A9E7909</generatorID>
<ownerDesignName>model</ownerDesignName>
<useDomainConstraints>false</useDomainConstraints>
<use>1</use>
<logicalDatatype>LOGDT019</logicalDatatype>
<dataTypePrecision>10</dataTypePrecision>
<ownDataTypeParameters>,,</ownDataTypeParameters>
<previousColumn>false</previousColumn>
<autoIncrementCycle>false</autoIncrementCycle>
<associations>
<colAssociation fkAssociation="8A0F8F52-442F-2B1A-459A-FF700992B84A" referredColumn="49B229C2-20BA-8312-E312-5191DAADF3C6"/>
</associations>
</Column>
<Column name="class_no" id="5F6EDDF2-A896-B03B-244A-FFD019BF9BB9">
<createdBy>seanl</createdBy>
<createdTime>2021-09-15 11:21:48 UTC</createdTime>
<commentInRDBMS><![CDATA[Class number]]></commentInRDBMS>
<generatorID>DB747990-4CE0-2300-2E87-E78E775EDADC</generatorID>
<ownerDesignName>model</ownerDesignName>
<useDomainConstraints>false</useDomainConstraints>
<use>1</use>
<logicalDatatype>LOGDT019</logicalDatatype>
<dataTypePrecision>5</dataTypePrecision>
<ownDataTypeParameters>,,</ownDataTypeParameters>
<previousColumn>false</previousColumn>
<autoIncrementCycle>false</autoIncrementCycle>
<associations>
<colAssociation fkAssociation="F7AB09E0-85E0-3541-65AB-F33C2265A741" referredColumn="81782987-E423-0717-DB28-DD3C8BC745B9"/>
</associations>
</Column>
<Column name="cent_id" id="0819DBBE-6376-6F0E-8E26-052AB1312B13">
<createdBy>seanl</createdBy>
<createdTime>2021-09-15 11:21:48 UTC</createdTime>
<commentInRDBMS><![CDATA[Center ID]]></commentInRDBMS>
<generatorID>90491FD8-F933-2D9D-7E90-A43FF38D61EF</generatorID>
<ownerDesignName>model</ownerDesignName>
<useDomainConstraints>false</useDomainConstraints>
<use>1</use>
<logicalDatatype>LOGDT019</logicalDatatype>
<dataTypePrecision>5</dataTypePrecision>
<ownDataTypeParameters>,,</ownDataTypeParameters>
<previousColumn>false</previousColumn>
<autoIncrementCycle>false</autoIncrementCycle>
<associations>
<colAssociation fkAssociation="F7AB09E0-85E0-3541-65AB-F33C2265A741" referredColumn="8609C35E-133E-1269-CE57-377FD4C49ABF"/>
</associations>
</Column>
<Column name="reg_pay_date" id="B228ACF4-8EF1-62A4-6FDD-1BF8ED893F0F">
<createdBy>seanl</createdBy>
<createdTime>2021-09-15 11:21:48 UTC</createdTime>
<commentInRDBMS><![CDATA[Date of payment of registration]]></commentInRDBMS>
<generatorID>DD70FA96-2625-EC7E-258F-0A8B30E34C8D</generatorID>
<ownerDesignName>model</ownerDesignName>
<useDomainConstraints>false</useDomainConstraints>
<use>1</use>
<logicalDatatype>LOGDT007</logicalDatatype>
<ownDataTypeParameters>,,</ownDataTypeParameters>
<autoIncrementCycle>false</autoIncrementCycle>
</Column>
<Column name="reg_total_attendance" id="13CCB19E-B376-3706-8A7D-57857F6B721A">
<createdBy>seanl</createdBy>
<createdTime>2021-09-15 11:21:48 UTC</createdTime>
<commentInRDBMS><![CDATA[Total times the member has attended a session of the class]]></commentInRDBMS>
<generatorID>344B7046-083F-3E10-1B31-30A89809C53B</generatorID>
<ownerDesignName>model</ownerDesignName>
<useDomainConstraints>false</useDomainConstraints>
<use>1</use>
<logicalDatatype>LOGDT019</logicalDatatype>
<dataTypePrecision>3</dataTypePrecision>
<ownDataTypeParameters>,3,</ownDataTypeParameters>
<autoIncrementCycle>false</autoIncrementCycle>
</Column>
<Column name="MM_CLASS_fac_roomno" id="9128AC1D-D9E5-B822-9429-41946A08035B">
<createdBy>seanl</createdBy>
<createdTime>2021-09-15 11:24:08 UTC</createdTime>
<ownerDesignName>model</ownerDesignName>
<useDomainConstraints>false</useDomainConstraints>
<use>1</use>
<logicalDatatype>LOGDT019</logicalDatatype>
<dataTypePrecision>5</dataTypePrecision>
<ownDataTypeParameters>,,</ownDataTypeParameters>
<previousColumn>false</previousColumn>
<autoIncrementCycle>false</autoIncrementCycle>
<associations>
<colAssociation fkAssociation="F7AB09E0-85E0-3541-65AB-F33C2265A741" referredColumn="780F0754-C611-DE09-0A22-3070BF7D186B"/>
</associations>
</Column>
<Column name="reg_id" id="DC30EA3A-3AC9-A315-07AD-B5A1FD3DB621">
<createdBy>seanl</createdBy>
<createdTime>2021-09-15 14:41:54 UTC</createdTime>
<commentInRDBMS><![CDATA[Registration ID]]></commentInRDBMS>
<generatorID>288DB1E8-5732-479D-F2BA-6FAA5F811BC2</generatorID>
<ownerDesignName>model</ownerDesignName>
<useDomainConstraints>false</useDomainConstraints>
<use>1</use>
<logicalDatatype>LOGDT019</logicalDatatype>
<dataTypePrecision>4</dataTypePrecision>
<ownDataTypeParameters>,4,</ownDataTypeParameters>
<autoIncrementCycle>false</autoIncrementCycle>
</Column>
</columns>
<indexes itemClass="oracle.dbtools.crest.model.design.relational.Index">
<ind_PK_UK id="D3649811-69C2-BBA5-1A30-C23B4DF39EFB" name="PAYMENT_PK">
<createdBy>seanl</createdBy>
<createdTime>2021-09-15 11:21:48 UTC</createdTime>
<generatorID>36E5488A-02DA-1E34-26A9-7F5ACCB82759</generatorID>
<ownerDesignName>model</ownerDesignName>
<pk>true</pk>
<indexState>Primary Constraint</indexState>
<isSurrogateKey>false</isSurrogateKey>
<indexColumnUsage>
<colUsage columnID="C7A00EBA-3F29-A61B-0108-27BAFC060588"/>
<colUsage columnID="5F6EDDF2-A896-B03B-244A-FFD019BF9BB9"/>
<colUsage columnID="0819DBBE-6376-6F0E-8E26-052AB1312B13"/>
</indexColumnUsage>
</ind_PK_UK>
<ind_PK_UK id="4FF05EB2-CA75-F5FA-F15A-631A156EF71E" name="registration_id">
<createdBy>seanl</createdBy>
<createdTime>2021-09-15 14:41:54 UTC</createdTime>
<generatorID>8E2BB9D7-C352-0057-9EC5-B6DFEF5E06EB</generatorID>
<ownerDesignName>model</ownerDesignName>
<indexState>Unique Constraint</indexState>
<isSurrogateKey>false</isSurrogateKey>
<indexColumnUsage>
<colUsage columnID="0819DBBE-6376-6F0E-8E26-052AB1312B13"/>
<colUsage columnID="5F6EDDF2-A896-B03B-244A-FFD019BF9BB9"/>
<colUsage columnID="C7A00EBA-3F29-A61B-0108-27BAFC060588"/>
</indexColumnUsage>
</ind_PK_UK>
<ind_PK_UK id="B06155CD-0389-7CBB-DECB-484F1492E286" name="CLASS_PAYMENT">
<createdBy>seanl</createdBy>
<createdTime>2021-09-15 11:21:48 UTC</createdTime>
<generatorID>01E40741-8C1B-7F00-D1C5-D35EC14BF75E</generatorID>
<ownerDesignName>model</ownerDesignName>
<indexState>Foreign Key</indexState>
<isSurrogateKey>false</isSurrogateKey>
<indexColumnUsage>
<colUsage columnID="5F6EDDF2-A896-B03B-244A-FFD019BF9BB9"/>
<colUsage columnID="0819DBBE-6376-6F0E-8E26-052AB1312B13"/>
<colUsage columnID="9128AC1D-D9E5-B822-9429-41946A08035B"/>
</indexColumnUsage>
</ind_PK_UK>
<ind_PK_UK id="09953DA5-F579-D9A6-F3E2-53235652114D" name="MEMBER_PAYMENT">
<createdBy>seanl</createdBy>
<createdTime>2021-09-15 11:21:48 UTC</createdTime>
<generatorID>B2EBE350-EB95-0DE9-8716-EF1ECF113F37</generatorID>
<ownerDesignName>model</ownerDesignName>
<indexState>Foreign Key</indexState>
<isSurrogateKey>false</isSurrogateKey>
<indexColumnUsage>
<colUsage columnID="C7A00EBA-3F29-A61B-0108-27BAFC060588"/>
</indexColumnUsage>
</ind_PK_UK>
</indexes>
</Table>
