<?xml version = '1.0' encoding = 'UTF-8'?>
<Table class="oracle.dbtools.crest.model.design.relational.Table" directorySegmentName="seg_0" id="C4FEF8DA-017B-A533-D175-C15E3EDB8FF8" name="CENTRE">
<createdBy>seanl</createdBy>
<createdTime>2021-09-15 11:21:48 UTC</createdTime>
<generatorID>A0523C7C-BD60-FDED-C261-C0771758C0B7</generatorID>
<ownerDesignName>model</ownerDesignName>
<allowColumnReorder>false</allowColumnReorder>
<existDependencyGenerateInDDl>true</existDependencyGenerateInDDl>
<parsed>true</parsed>
<columns itemClass="oracle.dbtools.crest.model.design.relational.Column">
<Column name="cent_id" id="9A71A764-98F4-ED56-ECFF-14EAC0167EDD">
<createdBy>seanl</createdBy>
<createdTime>2021-09-15 11:21:48 UTC</createdTime>
<commentInRDBMS><![CDATA[Center ID]]></commentInRDBMS>
<generatorID>C891A240-EA66-7D07-AAAB-B3D0BAC169DC</generatorID>
<ownerDesignName>model</ownerDesignName>
<useDomainConstraints>false</useDomainConstraints>
<use>1</use>
<logicalDatatype>LOGDT019</logicalDatatype>
<dataTypePrecision>5</dataTypePrecision>
<ownDataTypeParameters>,5,</ownDataTypeParameters>
<autoIncrementCycle>false</autoIncrementCycle>
</Column>
<Column name="cent_name" id="6E71E7FB-D8FE-6571-F943-2B79B35DC2FD">
<createdBy>seanl</createdBy>
<createdTime>2021-09-15 11:21:48 UTC</createdTime>
<commentInRDBMS><![CDATA[Center name]]></commentInRDBMS>
<generatorID>9236B565-BF31-91F4-0A40-54820BC0FBDA</generatorID>
<ownerDesignName>model</ownerDesignName>
<useDomainConstraints>false</useDomainConstraints>
<use>1</use>
<logicalDatatype>LOGDT024</logicalDatatype>
<dataTypeSize>50</dataTypeSize>
<ownDataTypeParameters>50,,</ownDataTypeParameters>
<autoIncrementCycle>false</autoIncrementCycle>
</Column>
<Column name="cent_street" id="37E027D6-D72F-7B3E-B144-D7430EE0EEBC">
<createdBy>seanl</createdBy>
<createdTime>2021-09-15 11:21:48 UTC</createdTime>
<commentInRDBMS><![CDATA[Centre Address Street]]></commentInRDBMS>
<generatorID>C37238CD-D633-E7F8-B48D-7D65F5ED380E</generatorID>
<ownerDesignName>model</ownerDesignName>
<useDomainConstraints>false</useDomainConstraints>
<use>1</use>
<logicalDatatype>LOGDT024</logicalDatatype>
<dataTypeSize>50</dataTypeSize>
<ownDataTypeParameters>50,,</ownDataTypeParameters>
<autoIncrementCycle>false</autoIncrementCycle>
</Column>
<Column name="cent_town" id="2D45C9CB-240B-621D-91A4-4B02121C7300">
<createdBy>seanl</createdBy>
<createdTime>2021-09-15 11:21:48 UTC</createdTime>
<commentInRDBMS><![CDATA[Centre Address Town]]></commentInRDBMS>
<generatorID>B589DD7F-6C1C-404A-B2E5-D426354EDF1A</generatorID>
<ownerDesignName>model</ownerDesignName>
<useDomainConstraints>false</useDomainConstraints>
<use>1</use>
<logicalDatatype>LOGDT024</logicalDatatype>
<dataTypeSize>50</dataTypeSize>
<ownDataTypeParameters>50,,</ownDataTypeParameters>
<autoIncrementCycle>false</autoIncrementCycle>
</Column>
<Column name="cent_postcode" id="A4900786-69D5-C934-BEB0-3D2482393BA6">
<createdBy>seanl</createdBy>
<createdTime>2021-09-15 11:21:48 UTC</createdTime>
<commentInRDBMS><![CDATA[Centre post code ]]></commentInRDBMS>
<generatorID>0055E2C2-EC7F-5D92-DD26-5C61B5CB1DFB</generatorID>
<ownerDesignName>model</ownerDesignName>
<useDomainConstraints>false</useDomainConstraints>
<use>1</use>
<logicalDatatype>LOGDT019</logicalDatatype>
<dataTypePrecision>4</dataTypePrecision>
<ownDataTypeParameters>,4,</ownDataTypeParameters>
<autoIncrementCycle>false</autoIncrementCycle>
</Column>
<Column name="cent_phoneno" id="B3EAF9ED-0A01-AAB4-134B-F8C94377ECDD">
<createdBy>seanl</createdBy>
<createdTime>2021-09-15 11:21:48 UTC</createdTime>
<commentInRDBMS><![CDATA[Centre phone number]]></commentInRDBMS>
<generatorID>18BF7B62-CD1F-7DFB-4C0E-0BB8C8E2595B</generatorID>
<ownerDesignName>model</ownerDesignName>
<useDomainConstraints>false</useDomainConstraints>
<use>1</use>
<logicalDatatype>LOGDT019</logicalDatatype>
<dataTypePrecision>10</dataTypePrecision>
<ownDataTypeParameters>,10,</ownDataTypeParameters>
<autoIncrementCycle>false</autoIncrementCycle>
</Column>
<Column name="staff_id" id="D051D785-C9BC-B826-E980-F3EB88D28160">
<createdBy>seanl</createdBy>
<createdTime>2021-09-15 11:21:48 UTC</createdTime>
<commentInRDBMS><![CDATA[Staff ID]]></commentInRDBMS>
<generatorID>4E0B40C9-391F-98AD-57BD-FB3F14465CBA</generatorID>
<ownerDesignName>model</ownerDesignName>
<useDomainConstraints>false</useDomainConstraints>
<use>1</use>
<logicalDatatype>LOGDT019</logicalDatatype>
<dataTypePrecision>5</dataTypePrecision>
<ownDataTypeParameters>,,</ownDataTypeParameters>
<previousColumn>false</previousColumn>
<autoIncrementCycle>false</autoIncrementCycle>
<associations>
<colAssociation fkAssociation="092DC71C-A8B0-853D-DDD7-E800584C9060" referredColumn="0474CE66-7BA8-7C7D-79D6-C3AC1D3568D4"/>
</associations>
</Column>
</columns>
<indexes itemClass="oracle.dbtools.crest.model.design.relational.Index">
<ind_PK_UK id="88C1556D-98BF-5407-61F2-458C00595D25" name="CENTRE_PK">
<createdBy>seanl</createdBy>
<createdTime>2021-09-15 11:21:48 UTC</createdTime>
<generatorID>6700BD52-49EB-058C-284A-A9915FA6D9AE</generatorID>
<ownerDesignName>model</ownerDesignName>
<pk>true</pk>
<indexState>Primary Constraint</indexState>
<isSurrogateKey>false</isSurrogateKey>
<indexColumnUsage>
<colUsage columnID="9A71A764-98F4-ED56-ECFF-14EAC0167EDD"/>
</indexColumnUsage>
</ind_PK_UK>
<ind_PK_UK id="CB409CD0-0FEB-E80B-A999-91CB44009862" name="CENTRE__IDX">
<createdBy>seanl</createdBy>
<createdTime>2021-09-15 11:21:48 UTC</createdTime>
<ownerDesignName>model</ownerDesignName>
<indexState>Unique Plain Index</indexState>
<isSurrogateKey>false</isSurrogateKey>
<relationGeneratorID>C0A91D19-E271-65B3-C845-11D28BE40D5B</relationGeneratorID>
<indexColumnUsage>
<colUsage columnID="D051D785-C9BC-B826-E980-F3EB88D28160"/>
</indexColumnUsage>
</ind_PK_UK>
<ind_PK_UK id="F06B2F45-B09C-EFA0-345A-A4F3421C4CF9" name="Relation_5">
<createdBy>seanl</createdBy>
<createdTime>2021-09-15 11:21:48 UTC</createdTime>
<generatorID>C0A91D19-E271-65B3-C845-11D28BE40D5B</generatorID>
<ownerDesignName>model</ownerDesignName>
<indexState>Foreign Key</indexState>
<isSurrogateKey>false</isSurrogateKey>
<indexColumnUsage>
<colUsage columnID="D051D785-C9BC-B826-E980-F3EB88D28160"/>
</indexColumnUsage>
</ind_PK_UK>
</indexes>
</Table>
