<?xml version = '1.0' encoding = 'UTF-8'?>
<Table class="oracle.dbtools.crest.model.design.relational.Table" directorySegmentName="seg_0" id="FFFC8138-FB96-C0D0-3953-69C8624FBBA5" name="FACILITY">
<createdBy>seanl</createdBy>
<createdTime>2021-09-15 11:21:48 UTC</createdTime>
<generatorID>2848F88D-1053-2619-8EA7-41884755BFFD</generatorID>
<ownerDesignName>model</ownerDesignName>
<allowColumnReorder>false</allowColumnReorder>
<existDependencyGenerateInDDl>true</existDependencyGenerateInDDl>
<parsed>true</parsed>
<columns itemClass="oracle.dbtools.crest.model.design.relational.Column">
<Column name="fac_roomno" id="123DF365-6E2C-271E-B936-FF88A0578F06">
<createdBy>seanl</createdBy>
<createdTime>2021-09-15 11:21:48 UTC</createdTime>
<commentInRDBMS><![CDATA[Facility room number]]></commentInRDBMS>
<generatorID>29896972-DEB4-E0A2-698E-8C2E15D261FF</generatorID>
<ownerDesignName>model</ownerDesignName>
<useDomainConstraints>false</useDomainConstraints>
<use>1</use>
<logicalDatatype>LOGDT019</logicalDatatype>
<dataTypePrecision>5</dataTypePrecision>
<ownDataTypeParameters>,5,</ownDataTypeParameters>
<autoIncrementCycle>false</autoIncrementCycle>
</Column>
<Column name="cent_id" id="3E1FB0B1-F85C-AF60-393A-8B476D375F17">
<createdBy>seanl</createdBy>
<createdTime>2021-09-15 11:21:48 UTC</createdTime>
<commentInRDBMS><![CDATA[Center ID]]></commentInRDBMS>
<generatorID>73373F21-105A-5D85-CE47-9FE25FBCFEF4</generatorID>
<ownerDesignName>model</ownerDesignName>
<useDomainConstraints>false</useDomainConstraints>
<use>1</use>
<logicalDatatype>LOGDT019</logicalDatatype>
<dataTypePrecision>5</dataTypePrecision>
<ownDataTypeParameters>,,</ownDataTypeParameters>
<previousColumn>false</previousColumn>
<autoIncrementCycle>false</autoIncrementCycle>
<associations>
<colAssociation fkAssociation="2AF4C573-DEE5-6B25-3CA6-96AA7E3EE1B5" referredColumn="9A71A764-98F4-ED56-ECFF-14EAC0167EDD"/>
</associations>
</Column>
<Column name="fac_name" id="BAFA17DF-17EA-4429-E80A-8A60CFB3661D">
<createdBy>seanl</createdBy>
<createdTime>2021-09-15 11:21:48 UTC</createdTime>
<commentInRDBMS><![CDATA[Facility name]]></commentInRDBMS>
<generatorID>6382988C-53FD-83D6-EC4D-D8696024BB9A</generatorID>
<ownerDesignName>model</ownerDesignName>
<useDomainConstraints>false</useDomainConstraints>
<use>1</use>
<logicalDatatype>LOGDT024</logicalDatatype>
<dataTypeSize>50</dataTypeSize>
<ownDataTypeParameters>50,,</ownDataTypeParameters>
<autoIncrementCycle>false</autoIncrementCycle>
</Column>
<Column name="fac_desc" id="EE0F4CBD-5564-7736-0CE4-988AB0855EFE">
<createdBy>seanl</createdBy>
<createdTime>2021-09-15 11:21:48 UTC</createdTime>
<commentInRDBMS><![CDATA[Facility description]]></commentInRDBMS>
<generatorID>3DDB1F22-568A-F29A-69FF-0A011D49BBF4</generatorID>
<ownerDesignName>model</ownerDesignName>
<useDomainConstraints>false</useDomainConstraints>
<use>1</use>
<logicalDatatype>LOGDT024</logicalDatatype>
<dataTypeSize>100</dataTypeSize>
<ownDataTypeParameters>100,,</ownDataTypeParameters>
<autoIncrementCycle>false</autoIncrementCycle>
</Column>
<Column name="fac_capacity" id="EE0BEB76-18E0-5F75-DB7C-1F726841C9ED">
<createdBy>seanl</createdBy>
<createdTime>2021-09-15 11:21:48 UTC</createdTime>
<commentInRDBMS><![CDATA[Facility max capacity]]></commentInRDBMS>
<generatorID>72704F7F-E6EC-C657-BBA2-E013706530CC</generatorID>
<ownerDesignName>model</ownerDesignName>
<useDomainConstraints>false</useDomainConstraints>
<use>1</use>
<logicalDatatype>LOGDT019</logicalDatatype>
<dataTypePrecision>3</dataTypePrecision>
<ownDataTypeParameters>,3,</ownDataTypeParameters>
<autoIncrementCycle>false</autoIncrementCycle>
</Column>
</columns>
<indexes itemClass="oracle.dbtools.crest.model.design.relational.Index">
<ind_PK_UK id="F31BEC0F-940C-5F02-8B8C-395839D0DFDE" name="FACILITY_PK">
<createdBy>seanl</createdBy>
<createdTime>2021-09-15 11:21:48 UTC</createdTime>
<generatorID>7B27899B-EEF9-C4F3-DB5F-95316FD00C29</generatorID>
<ownerDesignName>model</ownerDesignName>
<pk>true</pk>
<indexState>Primary Constraint</indexState>
<isSurrogateKey>false</isSurrogateKey>
<indexColumnUsage>
<colUsage columnID="123DF365-6E2C-271E-B936-FF88A0578F06"/>
<colUsage columnID="3E1FB0B1-F85C-AF60-393A-8B476D375F17"/>
</indexColumnUsage>
</ind_PK_UK>
<ind_PK_UK id="3CD6F8EF-02F1-C132-EC3D-E4E8E891783C" name="CENTRE_FACILITY">
<createdBy>seanl</createdBy>
<createdTime>2021-09-15 11:21:48 UTC</createdTime>
<generatorID>15C85577-4E2F-020B-8EBF-48CAC8F7E599</generatorID>
<ownerDesignName>model</ownerDesignName>
<indexState>Foreign Key</indexState>
<isSurrogateKey>false</isSurrogateKey>
<indexColumnUsage>
<colUsage columnID="3E1FB0B1-F85C-AF60-393A-8B476D375F17"/>
</indexColumnUsage>
</ind_PK_UK>
</indexes>
</Table>
